word,diff,rt,st,avg_at_tick_2,avg_at_tick_3,avg_at_tick_4,avg_at_tick_5,avg_at_tick_6,avg_at_tick_7,avg_at_tick_8,avg_at_tick_9,avg_at_tick_10,avg_at_tick_11,avg_at_tick_12,avg_at_tick_13,avg_at_tick_14,avg_at_tick_15,avg_at_tick_16,avg_at_tick_17,avg_at_tick_18,avg_at_tick_19,avg_at_tick_20
0_KOT,0.0,13,16,0.06606350788,0.03267011471,0.023066877589999993,0.019820259912,0.023755033453000004,0.031284484307,0.039087484373,0.043874381794,0.045848910826000004,0.045592341801,0.04141071916280001,0.033284974915700004,0.022895478467650002,0.014149798958589999,0.008360748381939996,0.0049866607106420005,0.0030827061683180008,0.0019877329028700013,0.0013336315518770025
1_RON,0.0,12,15,0.06606350788,0.02919333056,0.016235241229999996,0.016565867060000003,0.02162021499,0.029920783089999993,0.042182047111000015,0.060482419031999995,0.08117859460000001,0.0836750052772,0.054930830898309996,0.02565499916892,0.011364981039997002,0.005534233705779002,0.0030442552289480004,0.0019408028999679987,0.001400450458257002,0.001123380056416999,0.000986714929999998
2_BIB,0.0,10,13,0.06606350788,0.03200634998999999,0.0254206807,0.025778515839999995,0.03210508031,0.04198270816599999,0.048754439471,0.0480350395124,0.038363230127299995,0.024610119900500008,0.013792837965700001,0.0075535247217999955,0.004332412322800001,0.0026670217356000027,0.0017647245932999977,0.0012431787844500008,0.0009195604734599976,0.0007100756775300028,0.0005787594764599965
3_SUB,0.0,8,9,0.06606350788,0.03292321737,0.02218472309,0.017667535770000003,0.014861992860000001,0.01341860065,0.01196947317,0.009950888690000003,0.007734463979999998,0.005872351969999999,0.004431367980000002,0.00336945882,0.0025804543599999997,0.0020045322780000013,0.0015713541750000002,0.0012458038790000001,0.0009958575570000003,0.0008048593179999973,0.00066031064
4_RAM,0.0,11,13,0.06606350788,0.03336564692,0.022494733139999997,0.023228531950000006,0.028760196659999994,0.036104336290000004,0.03987173567,0.034613755774,0.023934763891000004,0.01575664412,0.011492844723900006,0.0085233489703,0.005914413918199999,0.003848334091799999,0.0024696312709599996,0.001680185583940001,0.0012218613482700012,0.0009499024928000015,0.0007890800534200002
5_KIP,0.0,11,14,0.06606350788,0.034301495779999996,0.026098191760000007,0.0205576651,0.017277641032,0.016158168654000004,0.017339035228,0.0196187182543,0.021278942760400002,0.020153295138199998,0.0157332316343,0.010484443927699996,0.0066556829119,0.004251064710460002,0.0028164310616599973,0.0019509355498700026,0.001437148595259999,0.0010982576596799973,0.0008602727305400031
6_MOR,0.0,14,16,0.06606350788,0.030514000160000002,0.02005364459,0.024434278330000003,0.029689304507999992,0.035191387865499996,0.04372546668773,0.05327267383393999,0.062303698207612994,0.06576664078809098,0.061528985070032016,0.048572858479559985,0.030921642803079994,0.016158104389437003,0.007790332758996,0.003958232901793998,0.002251275742247001,0.0014800101985989996,0.0011123436581030018
7_NEN,0.0,11,14,0.06606350788,0.032675983820000004,0.03133884843999999,0.037527634059999995,0.05157047575000001,0.06450172716,0.059995851429,0.040450474838,0.026645322989100002,0.020468442030199995,0.015519117634330002,0.01095766549952,0.007241346910149998,0.004632505879028001,0.0029592832718909985,0.0019227482997610035,0.0012798430011279973,0.0008730568630420044,0.0006089231999409972
8_KOB,0.0,12,15,0.06606350788,0.029268445639999995,0.019083472539999997,0.017773292710000003,0.024370420339999997,0.03740275196000001,0.054409590841,0.064577361773,0.05647696617900001,0.03836729858480001,0.025894958935699996,0.01755362543225,0.01130661210753,0.007044892173774001,0.004419550495205994,0.002850702555516003,0.0019003642964049992,0.001308167761174,0.0009263218170929997
9_ROK,0.0,8,9,0.06606350788,0.02952814652,0.022940227279999992,0.0234516115,0.021657164720000007,0.016760436554000006,0.011342163006999998,0.007206379054000003,0.004535860367999998,0.0029316771686999986,0.0019751437162500015,0.001394529063029999,0.0010222294905700019,0.0007709725765499979,0.0006073486344199993,0.0004972426294900008,0.0004222929793170002,0.00036463557768300097,0.000321138073806998
10_KOD,0.0,13,15,0.06606350788,0.038287853469999994,0.03132931413,0.035035603470999994,0.046701006906,0.062295784881,0.0706682425876,0.06269807323624,0.05247641516313999,0.041840806846098005,0.030668550717892,0.021168615062573,0.013777345692985004,0.008455301178927996,0.005078640868052006,0.0030845478760649953,0.0019342412871060008,0.0012620466629680019,0.0008794247671949997
11_MIP,0.0,14,17,0.06606350788,0.027874423510000003,0.02180591614,0.022509277936000004,0.026374674456999994,0.0319100088223,0.037923719820290004,0.04343090123006999,0.04745110008803098,0.055398862142001,0.065788062337612,0.06314568668067301,0.04301390812894199,0.023017488873086,0.011318720336775003,0.005621583514518997,0.0028720575889119976,0.0015975861481100043,0.0010361107407979968
12_PUN,0.0,12,16,0.06606350788,0.03491130572,0.02604468614,0.024278442740000003,0.026840400163,0.0324997361962,0.03727503884009999,0.03873383596214,0.03593655835874,0.035516389344390005,0.032848827069983,0.026472619755696005,0.019004101464783,0.012682400636848001,0.008227077215911,0.005832293240193001,0.0044593668836199985,0.003660898251590002,0.0032030250402400005
13_BEK,0.0,10,13,0.06606350788,0.03329355934000001,0.02394208295,0.02478844171,0.032632303985,0.047738961158,0.060217878109200006,0.05854311965479999,0.04261131335992999,0.024455227476869998,0.012915127222149003,0.0069899495231869994,0.003997636333220001,0.0024320100122669996,0.0015602033060930004,0.0010477978152159991,0.0007472240064099993,0.0005604536389710019,0.00044078245345299994
14_POP,0.0,7,9,0.06606350788,0.035556737910000004,0.02835396195,0.023841621130000004,0.020601987791000004,0.015988233695000003,0.010497320982999998,0.0063956325140000015,0.0038879863911,0.0024728943269,0.0016862974211999996,0.0012113574194000006,0.0009058048534999998,0.0007014057787,0.0005606471519999994,0.00045842815840000284,0.00038017555999999745,0.00032002339880000155,0.0002728120177999987
15_PUP,0.0,13,16,0.06606350788,0.03342744504,0.02291168841,0.018667253710000005,0.017786890669999996,0.020045348454000002,0.025562012567999996,0.0335439234059,0.042533567318300006,0.049819009802309994,0.04860449576626001,0.037937440146707996,0.024628398088426998,0.014349354108789006,0.008097446001753,0.0046469449976330015,0.002774671016490998,0.0017304377576069963,0.0011277852333960083
16_KAB,0.0,11,14,0.06606350788,0.029937012420000002,0.019815769860000002,0.01956246431,0.02420542267,0.03232917848,0.042418957074,0.049061179919999996,0.046710008907999985,0.036791135886000005,0.023972293342600003,0.0144428080714,0.0088957899884,0.005786332742900002,0.004001131101199995,0.002932715337239997,0.002254189787660003,0.0017956443378900008,0.0014794221945800016
17_SES,0.0,13,15,0.06606350788,0.0337701676,0.03070697424,0.03907655232,0.05133803494999999,0.06276834970999999,0.06468133984700002,0.0529006088408,0.03980746794575,0.029141275220388004,0.02104562738801,0.015235286463939998,0.010000100486970002,0.006220690870175998,0.0038961462494000025,0.002529052097543,0.001723676639349001,0.0012373437832000024,0.0009339840200369993
18_RIR,0.0,11,13,0.06606350788,0.03574980284,0.028904994470000004,0.02788859439,0.032343111733,0.036995668899,0.037620049071,0.03288282332260001,0.025124003307630004,0.017456685841429998,0.011396875374949999,0.007151532328431999,0.0044854977221090025,0.002879338825953,0.001911634240354001,0.0013142142740590014,0.0009316562596309951,0.0006789190232440004,0.0005080733269250031
19_SUN,0.0,10,12,0.06606350788,0.03622045453,0.028649777920000005,0.030952744929999998,0.042428068359999994,0.060559315677,0.07703868204,0.080134580235,0.053634535333899995,0.02377962834190001,0.009612256063799994,0.004305770618730001,0.002219291703860003,0.0012994257342199972,0.000849255646339003,0.0006084626630579986,0.0004666880811389989,0.0003734900830680038,0.0003069047636169952
20_BUR,0.0,13,15,0.06606350788,0.03418099863,0.025501714210000005,0.02536797442,0.028621207019999994,0.033731186993,0.0369001772,0.036640968026000004,0.0352336243032,0.0315729209243,0.0259704616397,0.019484409111100002,0.0134637189068,0.008767741089100002,0.005629237203299996,0.0036748675554200017,0.0024800107155200004,0.0017356271477999973,0.001255808259129998
21_KOL,0.0,9,10,0.06606350788,0.03068163824,0.02239947941,0.018502793809,0.016221012820000002,0.015114844591000001,0.013901852188999999,0.011906065233000003,0.009972116362700003,0.008293156060699998,0.0066023987925,0.0050901465582,0.003849386444610003,0.002892440249679999,0.0021812180598800002,0.0016576114094699985,0.0012697267217900018,0.0009844053874299972,0.0007737863303000038
22_TUL,0.0,11,14,0.06606350788,0.02547808036,0.016123991170000004,0.01879934933,0.026605191169999997,0.04000428236899999,0.05829627420099999,0.07700442944399999,0.0831233862348,0.0649820196674,0.03620346236614,0.01713841221750601,0.008166278457291998,0.004181063341297997,0.0023139865586139967,0.001371918439398006,0.0008634310648680011,0.0005725842191899961,0.0003948085144640024
23_TUS,0.0,9,12,0.06606350788,0.026108165250000002,0.023058159489999997,0.03269385857,0.05505830868399999,0.0843191501564,0.09562093621530002,0.07055460292659001,0.037230634883306996,0.017281563699455008,0.008322477282521997,0.004365590387992,0.002466756817714004,0.0014848511528719993,0.000947037317031995,0.0006422072888879997,0.0004615108250720021,0.0003482519670000003,0.00027405207900000234
24_MID,0.0,11,13,0.06606350788,0.036280728850000006,0.02806827588999999,0.02829516211,0.03503288928000001,0.04804526200199999,0.059040239809,0.057122781094600006,0.04472314428600001,0.02877687435311,0.016013948817890006,0.008426511398320003,0.004517981285249997,0.002557989989987002,0.001542512515269003,0.0009856709623489984,0.0006608601184289975,0.0004609661725180005,0.0003320974324940014
25_BIM,0.0,10,13,0.06606350788,0.03417353558,0.027608090570000007,0.02900314606,0.035957843229999994,0.043937395925999996,0.0465658774,0.04163793448609999,0.0345802395501,0.025109017458200003,0.0161654726617,0.009730759635900003,0.005818353721800002,0.003618719607879997,0.002378078088819999,0.0016529477956999995,0.0012065304452500015,0.0009158175398100003,0.000716062894060004
26_TIB,0.0,8,10,0.06606350788,0.031853408920000006,0.03127679025,0.034302323656,0.038023072254,0.03539130852969999,0.025819549724800005,0.014979301830180002,0.0076377783237599976,0.003835716760860001,0.0020251189714780016,0.0011457385046839991,0.0006942697277839993,0.0004440941253840029,0.0002963468349029969,0.00020535594938800018,0.00014773775920199923,0.00010862290806600111,8.135184875100039e-05
27_RUL,0.0,11,14,0.06606350788,0.029845138129999994,0.020047202269999998,0.0173128216,0.017180497010000004,0.018178781649999996,0.01956646057,0.020679951930000003,0.019950333433,0.017969099032000002,0.014998194908999998,0.011716257254000002,0.008699449199999999,0.006278903211999998,0.004598885931999997,0.003472893737000007,0.0026964361353999967,0.0022224740116000012,0.0019701088527000012
28_LEK,0.0,12,14,0.06606350788,0.030160382229999998,0.02039420153,0.019681600187999998,0.024787378774000005,0.03552486914700001,0.05183272662999999,0.0668079600462,0.06896353960530002,0.056031643349209986,0.0349876090652,0.016908340027411,0.007368493937899,0.003345764095278,0.0016644050441299992,0.000899110282150002,0.000517220274544001,0.00031606676400599653,0.00022680884205800083
29_NAM,0.0,10,13,0.06606350788,0.03495601651,0.02598657757,0.021670828009999997,0.02279517414,0.02578452049,0.028411963289999998,0.027381249164000004,0.02408804227900001,0.018748454586,0.013300777931999996,0.009169381651600002,0.006320794639599998,0.004316757514400004,0.0029524618810999963,0.0020604468846600003,0.001515489952089999,0.001276223506739999,0.0011312062792700004
30_NUT,0.0,10,14,0.06606350788,0.02604554418,0.021299474469999996,0.0260393493,0.037324815350000005,0.052508597310999994,0.062651656365,0.05762163634800002,0.0425481659095,0.028962125945900002,0.019059536754900002,0.012331886169749997,0.008027270503239998,0.005327026599907003,0.0036205036354170017,0.0025181803335959964,0.0018016553943710023,0.001320136402803997,0.000996841869624002
31_MAD,0.0,10,13,0.06606350788,0.03711047973,0.0249864387,0.020275620280000007,0.017600170829999998,0.014169384620000003,0.01346542878,0.015342583020000005,0.015921066166999998,0.014454042696999998,0.011573776247000003,0.008327116533999996,0.005560078619000001,0.0035952588033999968,0.0023365105649000018,0.0015737690930000005,0.0010906575772000006,0.0007818680299999965,0.0005941986768
32_LEL,0.0,12,15,0.06606350788,0.0258671333,0.01737515236,0.018331182450000004,0.02259154943,0.032700525975000005,0.047965995920999996,0.064827050061,0.07283017509749999,0.06292039149680001,0.043014981353199984,0.025368707933642005,0.013781103682626004,0.0073248372223199965,0.004058712875411998,0.002411760120069999,0.001548774591068005,0.0010693885091389952,0.0007895210372660025
33_NUR,0.0,9,12,0.06606350788,0.03244676219,0.02555237628,0.02379703784,0.026869596620000002,0.02876812568,0.027229817686000003,0.022105473149000004,0.016372397899000003,0.011651325192799997,0.008016588571600002,0.005432844763599996,0.0036926289296100034,0.0025538365904699987,0.0018138123213199985,0.0013467872130300013,0.001067468471960001,0.0009387040380119988,0.0008922843123969997
34_LAL,0.0,13,16,0.06606350788,0.028138530300000002,0.01773872121,0.01549473656,0.01606204881,0.01889121071,0.02374004117,0.02964268172,0.036095315356999995,0.041937933008,0.041731300788,0.033630479310999994,0.022308217688300002,0.013342079450599993,0.007954691623100002,0.0049679288052999985,0.0032826296339999983,0.002281987875899998,0.0016563132379700013
35_TOT,0.0,11,14,0.06606350788,0.0287287375,0.021916305809999995,0.022451481739999998,0.030009002999999996,0.041944661349999995,0.05252881563599999,0.05766487783499999,0.054901264419,0.041637926099700004,0.026359745943800004,0.015734861626529994,0.009880122929730005,0.006555537475110002,0.004348274318315997,0.0028412992178610008,0.0018621575392169989,0.001243684596304999,0.0008519014319620016
36_PED,0.0,12,14,0.06606350788,0.03630514896,0.028473092460000005,0.025634973178,0.028048821729,0.035327737958599996,0.04403780300543001,0.05038000060728,0.052913463108329,0.047414672964333,0.033050013445072995,0.018349008763838003,0.009263432769089,0.004754804183599002,0.002594492012564003,0.001515323241786992,0.0009419069604050014,0.0006170029509520008,0.0004219362465349982
37_DUR,0.0,8,10,0.06606350788,0.034882306159999994,0.030026678519999996,0.03200290709,0.033786985511000005,0.032060127955,0.025659249465600005,0.016826747215499996,0.009595042065900004,0.005286941911329996,0.002995248445450006,0.0017907000941599959,0.0011347244727900022,0.0007580887818000008,0.0005314330004799977,0.00038526476755000117,0.00028839713438000026,0.00022068064339999974,0.00017215000209399946
38_PET,0.0,8,9,0.06606350788,0.03509085535999999,0.02701725526,0.021470721470000002,0.017724316241000005,0.014142055409999998,0.0107108536534,0.007690991517999999,0.005492306688199997,0.003925196925820001,0.002829487074779999,0.0020716381941400016,0.0015386662551299963,0.0011569818296800019,0.0008784684834699976,0.0006720495923300028,0.0005176886409799987,0.00040536883450999927,0.00032194958024000186
39_TIT,0.0,9,12,0.06606350788,0.02550416539000001,0.01913308366,0.020843155359999997,0.024086576797999998,0.026899017759000002,0.027116727176999998,0.023448218848,0.017862408020800004,0.012414148049099998,0.0083031948778,0.005550632552900001,0.0038042809842999997,0.0026910325983999974,0.0019657903585300045,0.0014749311340999988,0.0011283942236000012,0.0008801308485099987,0.0007004064047799969
40_NER,0.0,10,14,0.06606350788,0.034259054739999996,0.021950784559999995,0.020622955408999995,0.024465624398999998,0.031860018739,0.039780218603,0.04307949775100001,0.040243513622399994,0.031828961829900006,0.022127492915780006,0.014566769225240002,0.009450726797310002,0.006167581407437002,0.004096362842297998,0.0027871241998529985,0.0019470041338060038,0.0013935788520130022,0.0010228344533039979
41_KOM,0.0,12,12,0.06606350788,0.03325926113,0.02840655698,0.03866750465,0.06275156823000001,0.08689546259999999,0.09066849227000001,0.058894207249,0.0252856862961,0.0108645107103,0.005610355755690005,0.003265290207499999,0.001976256790740003,0.0012203824169419962,0.0007794863234809983,0.0005394565679730009,0.00039808921718200325,0.0003111454396599979,0.00025300494503000215
42_TEK,0.0,12,16,0.06606350788,0.027699426540000002,0.020846231547999996,0.022150521876,0.025995579901599997,0.0326349959596,0.03933097126389999,0.0422165753451,0.03926559081468001,0.03630675747111,0.03183101272594999,0.024473847683496995,0.016712854519303003,0.010493505457046,0.0063964983592119965,0.003990098653990002,0.0026080357848699974,0.00180031256867,0.001313965079569997
43_DUN,0.0,14,16,0.06606350788,0.03676451386,0.03151924548,0.03753044665,0.047481541520000003,0.055514342768000005,0.05773940791599999,0.055427551188799995,0.050506438724899995,0.0453244286109,0.037078556663300004,0.028330012835819995,0.01986388412064,0.012560822327679997,0.007484451708827004,0.004436538194320001,0.002719070284619001,0.0017521478084769988,0.001188476902925001
44_PAN,0.0,12,15,0.06606350788,0.031235635910000004,0.02102857779,0.022489272129999995,0.0302183426,0.04181342796000001,0.05283304477700001,0.05604971688899999,0.049513329236000006,0.03754803450390001,0.027156434272,0.01905543525058,0.012921529931909996,0.00836967288999,0.005282178306790003,0.0033709271318489963,0.0022367897433250026,0.0015826262066709986,0.0011881952587699982
45_MOK,0.0,11,14,0.06606350788,0.027633122539999996,0.022122866340000002,0.024567457799999994,0.029150087085,0.04591835198800001,0.071629079183,0.08638548074180001,0.0737820880314,0.047628166058199986,0.026311543722180003,0.013420767182275002,0.006702425867868998,0.0033953938561469997,0.0018257786442650026,0.0010902722560429976,0.0007403540132850006,0.0005601058568610016,0.0004495074872939978
46_PAR,0.0,10,12,0.06606350788,0.03146529970999999,0.02309486569,0.027814682459999997,0.04000679489,0.05719821475,0.065501288158,0.05464323009030001,0.03454558564,0.018446591847469995,0.00935544910737,0.0048721940241300025,0.002676490634575998,0.001551287865228999,0.0009472197016450031,0.0006063077567199968,0.0004085261213060033,0.0002881892413319947,0.0002121119464200016
47_SAS,0.0,11,14,0.06606350788,0.0368957014,0.031719909660000004,0.03502636121,0.04335119379,0.053771547158000005,0.060090586451799995,0.06575125000019999,0.06326301152531001,0.04588542726427,0.023350355932610003,0.010008392478935,0.004432341824714998,0.0021948296548720005,0.0012243292020900022,0.0007738406607299959,0.0006212113871890059,0.000558921800480002,0.0005362148938319988
48_MUB,0.0,11,14,0.06606350788,0.03139636942,0.02323013927,0.023738002759999998,0.028055483699999998,0.03548674189,0.03997993308799999,0.036283120817,0.027084376005,0.019449353976000002,0.014822224212399999,0.011137949204000004,0.007978125751599998,0.005524320303499999,0.0038154958580900017,0.002681314751879997,0.0019285667843000024,0.0014240028071099968,0.0010820412979800033
49_LAS,0.0,12,15,0.06606350788,0.03159552359,0.026603106709999994,0.02931851386,0.03570276672,0.04199991045800001,0.040811623586000004,0.032749356339300005,0.025123310703500004,0.02174959507973,0.02049162828272,0.016869500442515003,0.011961961305680995,0.0077348982426869994,0.00484193072141,0.0030465919016250047,0.001976305447389998,0.0013264419150599987,0.000922757949290001
50_NUL,0.0,12,15,0.06606350788,0.02430782914,0.020259811419999996,0.025328076200000004,0.036093228054999996,0.049905122597,0.05905772140799999,0.056308517488999996,0.0424527579804,0.03404780781530001,0.027480337463080002,0.020604034660619996,0.014077913422559995,0.009086851825815001,0.005821694982372001,0.003807115591195996,0.002569297702814003,0.0017905003833459982,0.0012840351921520011
51_LUM,0.0,10,12,0.06606350788,0.032677900499999996,0.02238207294,0.020949524489999996,0.024362799300000005,0.027523120961999995,0.02891156600800001,0.026549795590999993,0.020131015130999998,0.012982248073500003,0.007769041416100001,0.004660573205699997,0.0029672001478100022,0.0020604618742799995,0.0015471769429999977,0.0012529301171600013,0.0010751436627399998,0.0009578156499000001,0.0008753940820999988
52_BED,0.0,10,12,0.06606350788,0.03385685343,0.025953011890000002,0.030444196279999995,0.042206304051,0.06026826783400001,0.07241746813500001,0.06148713055119998,0.0372758279153,0.0191385554343,0.00934232610872,0.0045427146888,0.002397604506419997,0.001391228507729004,0.0008766129109109986,0.0005898117811799965,0.0004187336514860031,0.00030903316020599816,0.00023419397669200283
53_LAB,0.0,14,17,0.06606350788,0.02721311089,0.015377386019999996,0.01491795023,0.01711889109,0.020358549039999996,0.025755786050000003,0.0332702112,0.04334424786999999,0.054650047306,0.06402612797599999,0.0650175595198,0.0513815857212,0.03065443287365001,0.015207839782589999,0.007343209015111,0.0037817202290749974,0.002120068231833005,0.0012956855444269965
54_RIB,0.0,10,12,0.06606350788,0.03247347155,0.024282643660000002,0.022600015660000007,0.02473152951,0.02958404411,0.030778602569999994,0.026829709438,0.020250920573,0.013670314379099999,0.008618667887999998,0.005316127524400003,0.0033111985954,0.0021562775464299983,0.0014709278488999988,0.001051882187140002,0.0007803434331799991,0.0006143038089700028,0.0004966925658699953
55_SET,0.0,8,10,0.06606350788,0.03270907896,0.023297168200000003,0.018869111660000003,0.01669506746,0.014741022104,0.012485710308,0.010005463798,0.007647171026999998,0.0056417621889999995,0.0040761628333000005,0.002909103434499998,0.002062089160400001,0.0014915479614999994,0.0011130996798000017,0.0008438446650999992,0.0006498782266799999,0.00051948340207,0.0004399415203399992
56_KUD,0.0,11,14,0.06606350788,0.0389970849,0.030848816119999997,0.030811492078,0.038305941297000004,0.04864569972580001,0.054300824080370014,0.05529969813332001,0.052741377073,0.03996668348026199,0.022292422285536996,0.010576725156230999,0.004968645876616,0.002487827307634998,0.0013533568158500034,0.0007959196279820013,0.0005000229588799998,0.000331570341086999,0.0002297768082480003
57_MUN,0.0,10,13,0.06606350788,0.035435835090000006,0.027024199590000002,0.02944205518,0.037762572560000006,0.05053403928,0.06140227216899999,0.06819497668100001,0.062167224054,0.0400832309153,0.019849010775599998,0.009337485284570004,0.004689892062349999,0.002550755802449999,0.0015162934906639992,0.0009917879315900016,0.0007020887801670038,0.0005505926352139997,0.00046040910937799923
58_NOK,0.0,12,14,0.06606350788,0.02544684841,0.015750869380000004,0.01757194972,0.024830359455000003,0.037306733365000004,0.05634408948,0.07740144512,0.0820681699235,0.06232110387489999,0.03629161531331,0.018540268575915,0.009366356096722997,0.0049537090705179965,0.0027739946508240003,0.001679685837640006,0.0011622631837259984,0.0009156287363660049,0.0007946262668139976
59_PEL,0.0,8,9,0.06606350788,0.031336967820000006,0.02331555118,0.01898961576,0.015754371835,0.013057901313000003,0.010600917109999998,0.008380621597000001,0.006552280754,0.0051027147709999995,0.003938666130699999,0.0030446177147000018,0.0023822006221999987,0.001904042139400001,0.0015586656208999986,0.0013022549249000002,0.0010994505807899997,0.0009355911138700003,0.0008006534098100013
60_PAT,0.0,8,11,0.06606350788,0.03153207693,0.02103562094,0.016800160709999998,0.01447702308,0.01392005497,0.01356801904,0.012300612550000001,0.010077236360000002,0.007541751111999999,0.0052970923900000026,0.0036162808829999977,0.0024617845584999996,0.0017085885954999996,0.0012071253819000009,0.0008669587790000003,0.0006357491860999976,0.00047692857240000093,0.00037342703987000125
61_SIK,0.0,11,13,0.06606350788,0.03116005386,0.02181811436,0.02017438515,0.022022471820000004,0.028069115039999995,0.03738962245,0.04397110574400001,0.038459617912000005,0.024377399670000008,0.012695365657599999,0.006348636822700001,0.003291195966699997,0.0018109169372999999,0.0010620837559300012,0.000666147331580005,0.00045922179881000057,0.00033286996284999663,0.0002535842003300003
62_LOB,0.0,8,10,0.06606350788,0.029499718610000003,0.01990499258,0.01621265817,0.015073539759999999,0.014233848451,0.012650438432000002,0.010537184390999994,0.008379693813200003,0.006459542388999999,0.004971234204700001,0.0038474373105,0.0030193611551700018,0.0023896538360099985,0.00190315424957,0.001522148482809999,0.0012231911849200018,0.0009879510585200008,0.000801554356589998
63_NAL,0.0,8,11,0.06606350788,0.028191294170000002,0.0191436451,0.017774235139999997,0.017128714999999996,0.016683953092000003,0.015222526247999999,0.012974833131,0.010447170396000006,0.008345486864999998,0.006733554887700002,0.0053328176876,0.0041802558487,0.003251917236600001,0.002521679714399998,0.001958931614000002,0.0015310843929000001,0.001207599580499999,0.0009603838442000008
64_TEN,0.0,9,12,0.06606350788,0.0326228372,0.025427276279999994,0.026375673970000003,0.029682460579999993,0.031292231044,0.028165641630000002,0.022146332126000003,0.016451561028300005,0.012036981643,0.008743163988999998,0.0063987014716700005,0.00462437234178,0.0033292640005999985,0.0024087559243899993,0.0017606712477200015,0.0013058049708999993,0.0009833271535799992,0.0007513433493999995
65_SAR,0.0,11,14,0.06606350788,0.03260720516999999,0.0231053016,0.023513283080000006,0.029720959469999995,0.04029261201,0.052741111492000003,0.061506611935,0.05741868079599999,0.04061875914369999,0.0226329764755,0.011572157542810001,0.006063687659499995,0.003339477032730006,0.0019422145169939948,0.0011952216042800039,0.0007745660735990021,0.0005248614738089952,0.0003692354763410064
66_LAT,0.0,13,15,0.06606350788,0.028313091599999996,0.016962011540000002,0.01602086791,0.01968988203,0.028176590819999993,0.043181256946000016,0.0634275268654,0.07896434408589999,0.07436187682833001,0.05317551698662701,0.031661242737824995,0.017376966421396006,0.009429420443092999,0.0053383686456060075,0.0032636272093609945,0.002273514107693998,0.0018534986439620016,0.0016972013575499978
67_LOP,0.0,8,9,0.06606350788,0.0321462379,0.023605852269999995,0.01930357161,0.016802301096000002,0.014533002883000001,0.012089488180999999,0.009546396110999998,0.007084625931400003,0.005105573149999999,0.0036295682201999972,0.0025856987472000032,0.0018603309123000006,0.0013562671454899996,0.0010023095811900003,0.0007513566037800015,0.0005701252190699988,0.00043646715734000036,0.0003365177050799976
68_RUP,0.0,8,11,0.06606350788,0.03201463295,0.02204105072,0.01836223729,0.01616404972,0.014839890560000003,0.01466644103,0.013356554080000001,0.010825240340000002,0.008451622329999997,0.006449835554000003,0.004831628738999998,0.003585293926000002,0.002649029102000001,0.0019628215219999984,0.0014651036759999996,0.0011070432500000001,0.0008466407600000013,0.0006552013769999986
69_KUT,0.0,11,12,0.06606350788,0.03638299304,0.02900764992,0.027121962441,0.030969641972,0.036871454998899995,0.03952232260191,0.03767209494773199,0.028067789939620003,0.017072573706502,0.009744905160351997,0.005726291057623999,0.003472043938321001,0.002213848408447997,0.0015184437886389996,0.0011178558133609995,0.0008905010153240008,0.0007230793734349983,0.000618035164793998
70_PEK,0.0,13,15,0.06606350788,0.036741094960000005,0.024626849199999995,0.017734788058,0.015309959942999997,0.014897618312000004,0.0159830535505,0.017788870575700003,0.019894433777499998,0.021346543498780002,0.020243933980040003,0.01664549087729,0.011915101551789996,0.007882752864300001,0.005110321887400001,0.0033528475159499997,0.0022875365028299996,0.0017129116826699996,0.0013456080030800003
71_BUL,0.0,13,17,0.06606350788,0.027928463780000003,0.019579352619999997,0.01974566295,0.024868608110000003,0.03305027427,0.04263485042,0.050667654546999986,0.05374252225099999,0.052364482906,0.05112312953239999,0.0450622978731,0.03290218109272,0.020375026297899997,0.01160288009932,0.006564866750457,0.003848717642950998,0.002369117826575999,0.0015294966582380008
72_DIT,0.0,13,16,0.06606350788,0.027026551620000002,0.017390488120000002,0.019120543820000002,0.02583429246,0.034678162,0.043522792878000004,0.051210889786999995,0.058478021185,0.0642226766203,0.0622937874226,0.04682114532417,0.027278331639230005,0.013820331971385,0.006942213013469997,0.0036932229046450016,0.0021091800463670014,0.0012838587758409986,0.0008225669805279985
73_TUP,0.0,12,16,0.06606350788,0.028452977820000003,0.019513090129999997,0.019003891036,0.022723307025,0.029850175952,0.038553907292,0.045526504032999994,0.04810718677230001,0.044885115991799986,0.0375649061563,0.0282861435244,0.019131632647029998,0.012105961405539998,0.007621894877047,0.0049806086311680025,0.0033894691446300007,0.002370342931918996,0.001671021136567999
74_DUB,0.0,9,11,0.06606350788,0.03498961857,0.028983268189999998,0.031530300860000006,0.03378402022,0.032364820429999996,0.026781378431000005,0.018741196583,0.011813215174,0.007406444242899998,0.005000224346500003,0.0035674683198999957,0.0026270021492000024,0.001986193672799998,0.0015359110560000016,0.0012103586063000012,0.000967092108700002,0.0007800549998999959,0.0006365637879000016
75_PIN,0.0,11,14,0.06606350788,0.03356455183999999,0.02528045045,0.023799118900000003,0.026888713038,0.032325053702099996,0.036945078088900005,0.03650698798314,0.02997710812562,0.021379793802399003,0.015228612644722004,0.010804572073986994,0.007620063191476001,0.0053776676489270024,0.003813387016805999,0.0027461414123200016,0.002001757677772998,0.0014776583371059995,0.0011043143949700004
76_PIS,0.0,11,13,0.06606350788,0.02953782052,0.023303447219999995,0.02845471791,0.039041731788,0.052647098460000014,0.06263668051389999,0.06028108893311999,0.047956258819376006,0.031614497152352004,0.017649529365329996,0.009161292637780002,0.0048220140589199986,0.002684563172288,0.0015979326678370004,0.001014245386739999,0.000685552410694002,0.0004973039605749981,0.0003796581477840049
77_KAN,0.0,10,12,0.06606350788,0.03374499601,0.02572671964,0.031853599169999997,0.050834449590000004,0.07884925257999999,0.09433379816599999,0.07123028213299999,0.03260266864,0.012984669025700002,0.005771229933030002,0.0029125607771999986,0.0016199754215300013,0.0009781769112829988,0.0006390588054930015,0.00044485840720200065,0.00032522532144899747,0.000253618930474999,0.0002088719759889989
78_NIN,0.0,10,12,0.06606350788,0.03197293197000001,0.03094831498,0.038322393930000004,0.051018704930000006,0.060090677243000004,0.053826080395,0.039202459955000005,0.0233697251861,0.013013239016899993,0.007184157185700002,0.004096515207499999,0.0024585832191499997,0.00156009805034,0.0010421681108799985,0.0007354642341400012,0.0005446684007999976,0.0004201982620499998,0.00033565788300000276
79_LUD,0.0,8,9,0.06606350788,0.03171094688,0.02399670092,0.02178263294,0.019183263300000003,0.015330464028,0.01147071946,0.008269061327000003,0.005919443081999999,0.004335880308,0.0032457359859000014,0.002475537656700001,0.001916107941200001,0.0014949919908999988,0.0011773291944999985,0.000937222693900002,0.0007521959880999996,0.0006087522123999977,0.0004980807096000004
80_SOD,0.0,13,14,0.06606350788,0.03579610435,0.027065322259999997,0.024286810365,0.024875990495999995,0.027606425396999996,0.03358419129600001,0.0378511598339,0.0350175639282,0.02676296518691,0.018626364381099998,0.011966368637,0.006875101368430001,0.003992499281880003,0.0024162431263000024,0.0015331608708099972,0.0010210244700700024,0.0007053907843200004,0.0005025126433299969
81_MEK,0.0,11,14,0.06606350788,0.03220249421,0.024696245509999996,0.02391226632,0.026656406869999996,0.03079533868,0.033257889699999994,0.031798649814000005,0.027175839437999998,0.021722177230000007,0.0160167499382,0.011019585965700003,0.007371013821800002,0.004921366621699997,0.0033287041113200027,0.002291635865779999,0.0016080166270399992,0.001148669537460001,0.000833262089789997
82_DOB,0.0,11,13,0.06606350788,0.03305729083,0.02635228238,0.026916353639999998,0.03072306846,0.036842380763000004,0.038625924011,0.0329243858491,0.023829316996100004,0.0175811436982,0.012761459592510002,0.008672243753499998,0.005605669122250001,0.0035800325434900003,0.0023204051450310004,0.0015456489329609994,0.0010628553279600004,0.0007532100952419999,0.0005483142069739991
83_ROS,0.0,12,16,0.06606350788,0.03288949603000001,0.02898619928,0.03357661236,0.039532440599999996,0.044628705053000005,0.04506737415900001,0.04220472500600001,0.03831599986780001,0.03456365337799999,0.02986759949432,0.023616919473069996,0.016952978990277003,0.011358699703771995,0.007308391524865001,0.004602845578047001,0.0028950789533989966,0.001851533235877003,0.0012159683823399997
84_ROL,0.0,13,15,0.06606350788,0.028496332410000002,0.02579327448,0.023928639519999996,0.022692473888999996,0.027052642837,0.035694225105,0.0429971880713,0.044451461961099996,0.039796385099499995,0.03128362427280001,0.021243531064199992,0.012736352363280008,0.007235193213669997,0.004132045956990001,0.002429256082408001,0.0014742289449870022,0.000919201672867001,0.0006257478746479976
85_SEL,0.0,12,15,0.06606350788,0.029990720610000007,0.02216511227,0.0190892629,0.01851877297,0.01976485918,0.02262500554,0.026425457732999997,0.030210482382999997,0.031653253875,0.027605312667699992,0.01939465580450001,0.011744318572599997,0.0067928964176000054,0.003942969388299995,0.0023878332227100026,0.0016441884436199999,0.0012559679158400008,0.0011492699622699986
86_DUS,0.0,12,14,0.06606350788,0.027679326120000004,0.01967267974,0.02451432701900001,0.031002698994,0.041910855569000004,0.05606172913930001,0.06918662358793999,0.075509933543353,0.063792627276617,0.038976469477727996,0.019688740196671006,0.009737442662672999,0.005155228019734005,0.0029653808720679965,0.0018169132126989985,0.0011722400395300031,0.0007983353868899986,0.0005691344829410015
87_MIN,0.0,10,13,0.06606350788,0.032598582380000005,0.023576359239999997,0.025153231879999995,0.03084091488,0.03825095507,0.046990557445,0.050447879522,0.04397231389699999,0.029829940654999998,0.01691943308970001,0.009089023439499999,0.0052460167218,0.0035042572580000005,0.002845301869090001,0.0026910440666800006,0.002780971528429997,0.0029871984057199983,0.0032428789182200033
88_MEP,0.0,10,13,0.06606350788,0.03087387374,0.02459817821,0.02204443133,0.02103169943,0.021698247859999995,0.022660103281999997,0.022741622746,0.020974736367299997,0.016923333888999997,0.011855805686549996,0.007589500795940002,0.004750590021389999,0.003136124129529998,0.002238257807559998,0.001746416881766002,0.001468229441281001,0.0012943736317320004,0.0011832999877819986
89_PUK,0.0,11,14,0.06606350788,0.03477368814000001,0.025989215220000007,0.02632676472000001,0.03456842733999999,0.049250784912000016,0.0632349850524,0.07211449776832,0.06986459720504999,0.047121763100047,0.023002419084117,0.010618417440786003,0.005379031103266002,0.0030517344339530002,0.001899568143879001,0.0012824729903270033,0.0009321391588739942,0.0007220930201450027,0.0005709028216540027
90_SOR,0.0,12,14,0.06606350788,0.03171105599,0.021398883959999993,0.019632156979999996,0.024991645060999993,0.034835455226999996,0.046885712211,0.05456487007529999,0.0514191587028,0.03986222347529999,0.02690309497530001,0.01628484740328,0.009436102765329997,0.00545011574564,0.0032110487536799997,0.001953834646045002,0.0012393556557669994,0.0008256202776080021,0.0005750791765779927
91_SOP,0.0,12,15,0.06606350788,0.03088551137,0.02202492998,0.018546956240000002,0.017446969835999995,0.016767559591,0.016335631121,0.0166980105547,0.017593221883099995,0.018257797338799998,0.01733191540104,0.014282291743419996,0.010317991080840002,0.006898871371689997,0.00454853970173,0.0031045277261700015,0.0022377046655799987,0.0017037791418200014,0.0013707755467699994
92_LUP,0.0,12,15,0.06606350788,0.028419263490000003,0.017667165470000003,0.016061551299999997,0.01890386731,0.024716169640000004,0.03303658831,0.04131339212,0.046145116143999985,0.044485347757000006,0.034346599884000004,0.022291371744000005,0.013372721616599994,0.007991440225500003,0.004946914650499999,0.0032068837569000012,0.002169353472300003,0.0015232619604099986,0.0011106075231799998
93_LIL,0.0,12,16,0.06606350788,0.02549443909,0.017559312900000002,0.02051549902,0.027393906530000005,0.03984394446,0.05240795946999999,0.06100612170900001,0.06394757223400001,0.062448250109699996,0.0517023921247,0.03486287800757,0.019889932436982997,0.010453526889936006,0.0055119577224109935,0.003063702539281004,0.001815521715219996,0.0011396317951129986,0.0007535572738510029
94_SOB,0.0,11,14,0.06606350788,0.027881711,0.015699808669999996,0.01512033995,0.022535493,0.03880998284,0.065145739219,0.091834851583,0.0898529413736,0.055429282400599994,0.025886946931890004,0.011888336593321997,0.005929631863226001,0.0032432987139949976,0.0019105297700930072,0.0011872531545089892,0.0007707954158320054,0.000518350772014996,0.0003614687925840013
95_TOL,0.0,10,13,0.06606350788,0.02822660484,0.02285748923,0.02413797443,0.032365670220000003,0.04559535398000001,0.057422488421000006,0.057947682184999995,0.0428048338644,0.023784460046800005,0.011670613999679995,0.0057400503709799985,0.002976986792660004,0.0016413753354409958,0.0009597817440030011,0.0005912143311660013,0.0004023632117589991,0.0002919055298889997,0.00023757851537600037
96_DEN,0.0,13,16,0.06606350788,0.03616266525999999,0.02968082145,0.0320304979,0.03883162994,0.044662435166,0.047378761733,0.044377336228599996,0.03729724877001,0.032265956808804,0.030973443413169002,0.02756729719836,0.019608023197294995,0.011811145465300004,0.006687136602584999,0.0038227043215910013,0.0022859060647629974,0.001440565364966001,0.0009520497277759972
97_KAT,0.0,13,15,0.06606350788,0.03376367128,0.02316091405,0.0188661106,0.017141779310000004,0.018125029569999996,0.021892009687000002,0.027800071441999998,0.033807382571,0.034621255512300005,0.029212185804700003,0.0196309401889,0.011178431164500003,0.0061547691108,0.003488658102399998,0.002157958010900001,0.001558208109299997,0.0012619477102600019,0.0011112831131399996
98_MUT,0.0,11,14,0.06606350788,0.031851914,0.02331278113,0.02287509051,0.02464634035,0.027746203980000002,0.03127134142000001,0.032263054661,0.029777140302000002,0.024263255875,0.017133710184,0.010882940543099996,0.006589012835000006,0.004036243279899998,0.0026486945492000015,0.0018742398665999996,0.0014047059281299987,0.0011107666861800006,0.0009100515392500015
99_NUB,0.0,13,16,0.06606350788,0.03270883521,0.02912911671,0.02903254194,0.032065029710000005,0.033978226971,0.032572756459,0.029759865445999997,0.027892811098999996,0.03118048715559999,0.031267094328400004,0.0263974398695,0.019016881587429996,0.012327727494739999,0.0076264553780700005,0.004697868663479996,0.002948993699330002,0.0019032435116300038,0.0012615369481799971
100_LEN,0.0,12,15,0.06606350788,0.03566101209,0.02668566276,0.024604312359999995,0.026795385021000002,0.03330067562300001,0.0424223850781,0.0527090117,0.06108593011620999,0.060501178994839984,0.046645702226421004,0.027145935100852996,0.013370441568342996,0.006469167986518005,0.003308473089521999,0.0018540404459460016,0.0011522082720839997,0.0007903302206609986,0.000584588021527001
101_ROP,0.0,7,8,0.06606350788,0.03341281281,0.034095580910000006,0.029223332615000003,0.019805009862999996,0.0122170155558,0.0071356200858,0.004132869663899999,0.0025002034012900002,0.0016104531851999992,0.0010986588422899984,0.0007885184087400015,0.0005852600824100009,0.00044526633574000046,0.0003469987729049996,0.0002746365673209996,0.0002206363293639999,0.00017991600104100004,0.0001480284272479991
102_NIB,0.0,13,15,0.06606350788,0.03360150413,0.02866844809,0.030064235579999994,0.0390545786,0.047327881829999995,0.04947856124899999,0.044258262286,0.0370604053805,0.031141677043999998,0.02465733372414001,0.017558431028070004,0.01128270435599,0.006815589937769994,0.004034734241941,0.0024045296135239997,0.0014891404495370017,0.0010169968926059985,0.0007624537406609985
103_NIP,0.0,12,15,0.06606350788,0.025820193849999996,0.022206638807999998,0.023965885736,0.030191953814000003,0.040109432146000004,0.0482013597849,0.0479098827912,0.039499607476199995,0.03152030375247,0.023812912239339998,0.0171422910644,0.011760025833087004,0.007855741655736999,0.005271649050211998,0.0036207646956670013,0.0025539031290859994,0.0018643241943770024,0.001394449666538998
104_BIR,0.0,12,14,0.06606350788,0.03489393133,0.02733603208,0.02948554147,0.04074392782,0.053313490235999995,0.056169649822,0.0483457951542,0.039255305812099996,0.032351088273800004,0.024525378662400007,0.016079896352559995,0.0095892479615,0.005692258552848002,0.003572525015219999,0.0023230271785890013,0.0015060873777860008,0.0009857931494790025,0.0006649851152089941
105_DAB,0.0,11,14,0.06606350788,0.033609228510000005,0.02896297117,0.030522654099999994,0.035304414869999995,0.04101091707,0.042003606618000004,0.03745050856899999,0.0344473719575,0.030058739514100003,0.022795126872699994,0.015248982847500002,0.009499992394000002,0.005817575039339994,0.0036327067750800022,0.002358170426300002,0.0016050252031099997,0.0011400713497099987,0.0008389233769500007
106_SAL,0.0,12,15,0.06606350788,0.030503781659999993,0.022493199550000002,0.022471153540000007,0.027279327995,0.036164590744000004,0.0460982963891,0.05144725096044,0.04957246718972899,0.043008229470625,0.033180297146954016,0.021767562667799997,0.012681919737169998,0.007101276413330004,0.004014599845599997,0.0023367196525970065,0.0014126969165879967,0.0008920719139399978,0.0005932470530169992
107_LEM,0.0,10,12,0.06606350788,0.03626488210000001,0.028953060889999997,0.032972785139999995,0.049183674755999995,0.06987630328919998,0.08072079686990001,0.07183765701656002,0.045388122432610006,0.021004249654959,0.008537237095126002,0.0036751993988680034,0.0017694847908390008,0.0009654551111949978,0.0006272341474830012,0.0005231447359719989,0.0005214908235580028,0.0005627538712389992,0.0006062327406680044
108_NAD,0.0,10,13,0.06606350788,0.03185260903,0.02130677301,0.022195512650000002,0.028538019720999997,0.038725634331,0.051023308310999986,0.054818284038,0.043198919560899995,0.025760113834500005,0.013486061004009998,0.00699437052928,0.003687812519720004,0.0019681175207399916,0.0013173488230900057,0.00108378739064,0.0009682449119399984,0.0009047803743800016,0.0008965529962599994
109_NEP,0.0,13,16,0.06606350788,0.026711561050000002,0.02198444386,0.02263647723,0.028773171361100004,0.0389199116702,0.050628352208460015,0.05840698041679,0.05906546375448299,0.055864638194256015,0.05127220005985901,0.040586075414,0.026863328130310005,0.015636628911530007,0.008769130249574,0.0050336160454019984,0.003033012533974998,0.0019333405554160037,0.0012861870570499978
110_SUM,0.0,9,12,0.06606350788,0.0348751897,0.026004156600000005,0.02756586555,0.03450610205000001,0.043826231807999994,0.04713811668899999,0.036954001012,0.0213200171984,0.010847979332399995,0.005628916609150001,0.003093185604469998,0.0018064890764800034,0.0011140733788499977,0.0007240686716600002,0.0004907537538600008,0.0003441235997399995,0.0002488073468099998,0.00018381054554300077
111_DOS,0.0,9,11,0.06606350788,0.030253573430000003,0.025439638789999997,0.029245023420000002,0.04045059468,0.05240116638,0.04957012390199999,0.030556745784999995,0.0149872612985,0.0073986269934000004,0.004014438582799997,0.0023846666769000006,0.001540535504299999,0.00106748257626,0.0007828780686900025,0.0005977069881900004,0.0004691020193000003,0.00038409117750999887,0.00032492038850999856
112_TAN,0.0,12,16,0.06606350788,0.03202337407,0.023813610169999992,0.025677696969999997,0.03254236502999999,0.04251679667,0.05199335563,0.055860167037,0.054849417192000004,0.0555110638976,0.05006949564919999,0.035210194345500004,0.020207223119209992,0.010585458521190003,0.0055760880898900024,0.0031359124610659977,0.0019094858097599978,0.001247758545773001,0.0008601457651360009
113_BUK,0.0,10,12,0.06606350788,0.032988538740000004,0.0235398439,0.02034371220000001,0.017564614309999994,0.014324781780000002,0.011807959473999995,0.011257696049000003,0.010914794073999999,0.010288663971999998,0.009180885654999998,0.007684641569999999,0.006035591500000003,0.004540354696000001,0.0033635418730000007,0.00249766353,0.0018792161729999995,0.0014406578879999992,0.0011250900649999993
114_REP,0.0,12,14,0.06606350788,0.03160279992,0.023220854439999997,0.022399295399999998,0.025996348160000005,0.035787780240000004,0.046908903956999995,0.0512860389336,0.044460422848100006,0.03330371611087,0.022350523180060006,0.013546015745229996,0.007936278946760003,0.004733925922266005,0.0029330454868009954,0.0019027131527000016,0.001281396739523005,0.0008976329676439896,0.0006483642628280057
115_KUN,0.0,12,15,0.06606350788,0.036584625589999996,0.030368072229999998,0.03438362291,0.044710197172,0.056919693028,0.06040642654596,0.04961173166797,0.036457287634118006,0.028982330288627997,0.02297634920079,0.017598554824825002,0.012508782649493,0.008366923682890003,0.005418665225932004,0.0035028459370739905,0.002302992081298003,0.0015504690779399994,0.0010707554516990003
116_DES,0.0,10,13,0.06606350788,0.03192145743,0.028840012790000005,0.030568497479999998,0.03759958345,0.045713873540000005,0.04861888907099999,0.048137751050000004,0.03759705034500001,0.023204945850700005,0.012794589262699997,0.007055694674200003,0.0041802582521,0.0027417418148400004,0.0020251173330799992,0.0016660414878599957,0.0014910167997900028,0.001437482641879998,0.0014674782750400011
117_TUR,0.0,9,11,0.06606350788,0.03175395858,0.03065225767,0.032206840286,0.032588657496,0.030869715941399995,0.02577944772401,0.01786303082278999,0.010317061979428001,0.005436179214958001,0.0028681094667599993,0.0015932611736960004,0.0009479388563050034,0.0006037856966619993,0.0004073122020599992,0.00028871389378799984,0.00021384799605900042,0.00016492874842699974,0.0001302556539790007
118_PAK,0.0,11,14,0.06606350788,0.03352522133000001,0.02401712804,0.02256548377000001,0.026432901280000004,0.035890519382000004,0.04932889857699999,0.06353458323500001,0.07283320833649999,0.061560497695,0.03436127281089999,0.015202027270619999,0.006737017387609999,0.003270352640850001,0.00174463289113,0.0010030108212000033,0.000607042401829998,0.00038522648322900007,0.00025805862718299876
119_DUP,0.0,12,16,0.06606350788,0.029973062519999996,0.01944384765,0.01744374631,0.02113945696,0.027998237440000004,0.035887236919999996,0.04260672464500001,0.04701147827700001,0.04708099910000001,0.040947200846499984,0.03035779508878,0.020118807405970003,0.012956354527195004,0.008315758226062996,0.005250885673867997,0.0033141734888119984,0.0021380621541990043,0.0014236589759829997
120_RET,0.0,13,15,0.06606350788,0.034376201720000006,0.027825363309999997,0.032391234379999995,0.04511447992299999,0.06225980386100001,0.07181518730349999,0.06223894614560001,0.04876783761449,0.036454918894337995,0.024599000331914,0.015998266366221994,0.010267436393992,0.006333208041523001,0.003791961358434998,0.002270816075138,0.0013876483693650008,0.0008716900240580022,0.0005611072584899954
121_KEP,0.0,13,15,0.06606350788,0.03719875943,0.02892882733,0.025026596931,0.025267327172999995,0.0321483275965,0.04044535797103,0.04336690199723,0.04000301608686199,0.035187467157228994,0.027942819441215,0.019171286927244,0.011882266759347004,0.007110748950191002,0.004263051407206995,0.002585755089735001,0.0016213226899319997,0.001074427336245002,0.0007596917103300014
122_NAT,0.0,13,15,0.06606350788,0.029884217930000005,0.0242941379,0.029378748990000002,0.03995867576699999,0.052733451879000005,0.058615009918000005,0.0501539507233,0.03651451361019999,0.02646856299718,0.020204610213949994,0.015441007880452003,0.011108179989769998,0.007472170123169997,0.004868202639678996,0.003178238199365006,0.002118736055172003,0.0014524970518139985,0.0010244824260539995
123_NID,0.0,10,13,0.06606350788,0.029189164519999998,0.03152709486000001,0.045488918332,0.070078967404,0.08772583492099999,0.07833055725108999,0.05244597917565001,0.030650194893021,0.017586895843660993,0.010382083543375003,0.006312818826614004,0.0039265565493019974,0.0024801346094629993,0.0015765837796930028,0.0010074085641790002,0.0006757994820589987,0.0005028814801500002,0.00041440770185500276
124_MOS,0.0,9,11,0.06606350788,0.03162697541,0.03134005863,0.0447660782,0.07062796964,0.09380614061,0.085656083597,0.047942484258200004,0.020484071727,0.008511731030069998,0.003845324732479997,0.0019491387981140054,0.0010974476645260048,0.0006713262638219944,0.0004369269859389966,0.00029763975476100276,0.00020966044322299975,0.00015134207219699966,0.00011128715327300233
125_POT,0.0,12,15,0.06606350788,0.0325075341,0.02348432688,0.018762229459999995,0.016689998790000004,0.015920369177,0.015845291427999997,0.016416084569999996,0.017314872305000003,0.017947734917,0.017144168456999998,0.014389281108300005,0.010669413899599996,0.007373920019400002,0.005031246889699998,0.0035280110526000018,0.0026030171223,0.0020129443445,0.0016167678297000015
126_DOR,0.0,10,12,0.06606350788,0.03395438496,0.029344622259999998,0.03159898292,0.040354612352,0.047854675549,0.041541481650199996,0.027900149262779998,0.017054980634590003,0.011130890406269998,0.007441083744470001,0.0051128346424529954,0.003539962359372002,0.002464084932821001,0.0017322751135059984,0.0012359961994510029,0.0008970899187699994,0.0006621995849339984,0.0004968536587739998
127_MUL,0.0,12,17,0.06606350788,0.027821132130000006,0.02036435392,0.0219092497,0.02907623402,0.03833158486,0.045901134233,0.047731114376,0.043001461549,0.03918908712309999,0.036109217231599995,0.03305187997362,0.026282150762100002,0.01801669110682,0.010929412318493007,0.006184418913153991,0.0035112473426710043,0.00208286859648,0.0013011022405320007
