word,dominance,category,diff_thresh0.5,rt_thresh0.5,st_thresh0.5,acc_thresh0.5,avg_out_diff_tick_1,avg_out_diff_tick_2,avg_out_diff_tick_3,avg_out_diff_tick_4,avg_out_diff_tick_5,avg_out_diff_tick_6,avg_out_diff_tick_7,avg_out_diff_tick_8,avg_out_diff_tick_9,avg_out_diff_tick_10,avg_out_diff_tick_11,avg_out_diff_tick_12,avg_out_diff_tick_13,avg_out_diff_tick_14,avg_out_diff_tick_15,avg_out_diff_tick_16,avg_out_diff_tick_17,avg_out_diff_tick_18,avg_out_diff_tick_19,avg_out_diff_tick_20,avg_out_tick_1,avg_out_tick_2,avg_out_tick_3,avg_out_tick_4,avg_out_tick_5,avg_out_tick_6,avg_out_tick_7,avg_out_tick_8,avg_out_tick_9,avg_out_tick_10,avg_out_tick_11,avg_out_tick_12,avg_out_tick_13,avg_out_tick_14,avg_out_tick_15,avg_out_tick_16,avg_out_tick_17,avg_out_tick_18,avg_out_tick_19,avg_out_tick_20
LES,low,5,0.0,12,15,1,,0.07371827291,0.02985386063,0.033869732113,0.047428820843,0.055521745326,0.057869934216,0.05283983316209999,0.04358619246929999,0.03420177235,0.026067885221,0.020047241551340002,0.01516512217543,0.011231020746310001,0.00803748036112,0.005645814824539999,0.004037377334071999,0.0030581101878820027,0.002455162480446998,0.0020925087292799987,0.3012340272,0.23505659229000003,0.21492406565999997,0.22441852694699999,0.254272156104,0.29711762737799996,0.345431965162,0.3894790933999,0.4226832701306,0.4446647229806,0.4572901859595999,0.46320355800826,0.46505125943283,0.46490232608652,0.4641502711254,0.46345724250085985,0.462962743766788,0.46261775677890604,0.46235962009845905,0.46215094971317894
LOL,high,2,0.0,12,16,1,,0.07371827291,0.03714458053,0.030680797015999996,0.027488049674,0.025789262844000002,0.02580900848900001,0.0260882851696,0.026549303498199995,0.027468611881200006,0.02650724216557,0.02357324423136,0.019545462910890002,0.015175598609609996,0.011060886629159996,0.007837472858490003,0.005789082775409996,0.004653845452515004,0.0041456910314839985,0.004004316650318001,0.3012340272,0.23505659229000003,0.20849393476,0.196480477944,0.19493301143,0.200351053646,0.21055661592899994,0.22429766054739997,0.24008384770919997,0.255740617748,0.26925287104242995,0.27997633511106995,0.28831833102018,0.29465289283057,0.2992094393014099,0.30235497156291996,0.30458188999831004,0.306334611957795,0.307924265740511,0.30954246452259304
REB,high,7,0.0,13,16,1,,0.07371827291,0.03670053212,0.04410693087999999,0.05734133736,0.061491529056,0.058353885181,0.0517940262297,0.04653914173049999,0.043155589632100005,0.040693735066369995,0.036549957780859996,0.030288735014267997,0.022954856760693997,0.015472944142591998,0.009625415680183005,0.005880687197765002,0.003833882864283994,0.0027436553475060025,0.0021354536357849965,0.3012340272,0.23505659229000003,0.21929041716999997,0.23687910032999998,0.27771760862999995,0.330085105114,0.38311874051300004,0.4308481292833001,0.47282019087280003,0.5105633900807001,0.5446227820743299,0.5746324818934699,0.6000301204792019,0.619350109518508,0.631941336255916,0.6392583410557331,0.643402539477968,0.6458530756336839,0.647393042506178,0.648407606530393
TAT,low,7,0.0,15,17,1,,0.07371827291,0.04352792832000001,0.035913027019999995,0.03593067983,0.03970118849,0.041272266178,0.03987221147,0.039379022217,0.039878246765400006,0.041763765794000006,0.0425381935835,0.040334001235340006,0.03369981687516,0.023710702140099994,0.013878261332690003,0.007686319607461,0.0046242839110049935,0.0031284138359879993,0.0023892378489599993,0.3012340272,0.23505659229000003,0.20748363797000002,0.20112364077,0.21103104882,0.23328982109,0.262401828232,0.292330725482,0.319971540485,0.3454259152196,0.3716306739856,0.39986525378209997,0.42661476074676,0.44702305287159994,0.45932192193149995,0.46505462719881,0.46715005599134907,0.467740226480344,0.46775191744435607,0.4675244706173961
MOR,low,5,0.0,13,16,1,,0.07371827291,0.04398753675,0.043076833585,0.04550805687169998,0.047757485119499996,0.04608581436950001,0.04115043347816999,0.03565164897044,0.030496738255140002,0.025728357467223004,0.021530826682562995,0.017669483982802003,0.013809545573928994,0.010194205090519003,0.00712347522651,0.004888409599200003,0.003415456759214999,0.002509444816067999,0.0019579833194330017,0.3012340272,0.23505659229000003,0.21605950353999998,0.224313558755,0.2511208470833,0.28909334116380003,0.32906165159429995,0.36526318871613,0.3959930995016901,0.42079425292454997,0.4401055106893269,0.45480854525276404,0.46562948917396196,0.47292206181803303,0.47715834532751394,0.479167191701004,0.4798345227018041,0.4797994285805889,0.47941903319252105,0.47886955486508803
KUR,high,2,0.0,12,14,1,,0.07371827291,0.045203790574999986,0.037680877115000004,0.03287166582500001,0.0288506690871,0.025051186169299994,0.0221511335773,0.01984415661401,0.01799208478416,0.016282867470618002,0.014244992440555002,0.011843270416695003,0.009407250498699999,0.007263009657879998,0.00557106710715,0.004436372908320001,0.0037561510875699982,0.003406007858224001,0.0033209686110689998,0.3012340272,0.23505659229000003,0.209783389715,0.20359033760000003,0.206622638375,0.21321242948790003,0.2205303783186,0.22774202194130003,0.23497765532728995,0.24240257527312997,0.24978488201551197,0.25662990294395704,0.26248295397006205,0.267117446257762,0.270586510680482,0.273174129277532,0.27524937484761197,0.27712898454464197,0.279029553352738,0.281079454899749
KAB,low,2,0.0,12,16,1,,0.07371827291,0.03750752033,0.030517095662,0.028130099683,0.025145652794,0.022006315280999993,0.021596826739,0.021332856913000003,0.021465248803000003,0.020849300044700002,0.019614791322500002,0.0175423926685,0.0143723764022,0.0106240466761,0.007435358913140004,0.005384584329739998,0.004270307939599999,0.0038046206034099994,0.0036888627051919988,0.3012340272,0.23505659229000003,0.20978045116,0.197551074698,0.19085258341500005,0.18762307450900004,0.18699505656999996,0.18792172237099997,0.189252537598,0.19063253847500003,0.19261572767029997,0.1956305912878,0.19944717381930002,0.2033502721971,0.20658872110100002,0.20895548968786007,0.21079136499812,0.21252504113451998,0.21444864828813004,0.216728660583538
MAN,high,4,0.0,13,17,1,,0.07371827291,0.04608747861,0.035008718839,0.029680443269,0.028487256957,0.030859341173099998,0.033720632620500006,0.0359575894493,0.0371491521617,0.03726482358501,0.03534588144238,0.030311016846950003,0.022993425678625997,0.015646566185170997,0.010267543967869006,0.006971961008139995,0.0049850056418360034,0.0038969447338390024,0.003297725987164995,0.3012340272,0.23505659229000003,0.20333165928000008,0.19039416004099993,0.19091988217200004,0.20191041720699998,0.2211073561799,0.2465627501434,0.27655161875010004,0.3093664301004,0.34318321356739,0.37548652338501,0.40281349844746006,0.4227082604672339,0.43518538845986293,0.4419719248919941,0.445092956859854,0.446122305131278,0.446035147721839,0.445332699503214
MUD,high,2,0.0,11,13,1,,0.07371827291,0.04752777689899999,0.03748619842999999,0.03338480516310001,0.030372104505799996,0.026124660402700003,0.021829483862979993,0.01791896432569,0.014668577830390004,0.012181762740059996,0.010136152259190002,0.008346955072740003,0.006705887071437997,0.005224495546171001,0.004078922975138,0.003269071029230002,0.0027243572704159997,0.002410041271715001,0.0022758646074619976,0.3012340272,0.23505659229000003,0.20723874939099995,0.199091166161,0.20168991479790002,0.20975782929210002,0.21844909088940004,0.22554757542641998,0.23099306490073004,0.23517835708474,0.23851772369132,0.24130007944504997,0.24362442840402998,0.24546101533543196,0.246786623446061,0.247672672581523,0.24825551308543303,0.248664925544415,0.248989423106222,0.24927810565298397
TES,high,3,0.0,11,15,1,,0.07371827291,0.04089091352100001,0.033360954088,0.032842013997,0.0340571709897,0.03528307119369999,0.036284857682310004,0.035947235822200004,0.03346532632121999,0.02906342860585,0.023695715240459995,0.017942627536801002,0.012661462047364996,0.008534935512582999,0.005678833610959,0.003846766157068997,0.002720326765173007,0.0020047899422219965,0.0015396821213940054,0.3012340272,0.23505659229000003,0.2043523407690001,0.19414650608099998,0.198568500484,0.2140104602943,0.2363095867006,0.26204735641829,0.28805214653609,0.31111554274687003,0.32965382465901993,0.34359169393656,0.35328829953375895,0.359522085366394,0.363358188255811,0.36571341089769205,0.367191859748263,0.36815286569220995,0.36880610069012804,0.3692746489280141
DER,high,0,0.0,12,14,1,,0.07371827291,0.041817399926,0.031394052939,0.027933215761999995,0.026155561467999994,0.024831402194100002,0.023675663654899995,0.0220046054144,0.0197945026721,0.0170632849951,0.01419419534415,0.011470791124430002,0.00897014206116,0.006706002726382,0.0048241122033060016,0.0034123200530460003,0.0024398087466169995,0.0017812429275530033,0.001344002362863997,0.3012340272,0.23505659229000003,0.20606024276400003,0.191818841225,0.183524883063,0.17698820359499998,0.17010248660090002,0.161973094746,0.15301803373159997,0.14439840025950004,0.1369548758644,0.13094256012025002,0.12629096799582,0.12272850153465999,0.119941525608278,0.11772936060497202,0.115989829751926,0.11464428860530901,0.113613553077756,0.11282488271489202
TOL,high,1,0.0,12,14,1,,0.07371827291,0.046077586849000006,0.036680524512999996,0.03028883327899999,0.0258833671464,0.022748383598500007,0.020985885915999994,0.019723320704700002,0.0179069157638,0.015627483637090003,0.01317543327411,0.010763100655990001,0.00853092274711,0.0065761543880899975,0.004989005000644999,0.003793600232525002,0.002934414782839999,0.0023325059010389994,0.0019134564003050027,0.3012340272,0.23505659229000003,0.204557855441,0.191326569728,0.186969015849,0.1858881940426,0.18584135888409997,0.18605607140810002,0.18623897890340005,0.18632348872159996,0.18639315351451,0.1865576527876,0.18685017000901002,0.1872206275439,0.18760368805980998,0.18797738801716501,0.18835793950064,0.18876864013758002,0.189223919833041,0.189728629257556
KOB,high,5,0.0,14,16,1,,0.07371827291,0.03197519255,0.025560453545,0.028846068578000005,0.036424348627,0.045058094336000006,0.051069202029000005,0.051254735079000004,0.04616546978579999,0.03946994770860001,0.03086641682608,0.022892767010920002,0.016749289590419995,0.01202062389934,0.008290692543397003,0.005669016835551998,0.004017424782683003,0.002973026064689997,0.002310899193239001,0.3012340272,0.23505659229000003,0.22277319114000002,0.229363179595,0.24688213075299995,0.27387758566000003,0.30933155214400004,0.3495629989550001,0.38888705881600005,0.42246058691020005,0.4471583816816,0.46207082415552003,0.4691782817446001,0.47156643895418,0.47154722805484,0.47046504651144294,0.46909941847589104,0.4678288274932079,0.466760781448518,0.4658878653352789
NIT,high,2,0.0,13,15,1,,0.07371827291,0.04115343051,0.03681121784,0.03502746263,0.031532547200000004,0.028819810434000007,0.027303816629999998,0.0256009896658,0.02362067194359999,0.020698855473800012,0.017396809148010003,0.013985941493459999,0.010775546657759996,0.007987718830819996,0.005865418030680002,0.0043361995064600005,0.0033173278652879994,0.0026680939073360018,0.0022438101574899986,0.3012340272,0.23505659229000003,0.21735430198,0.21994196078000006,0.23122006905,0.24424035065000002,0.25755311763600003,0.270760863886,0.2828371812402,0.2929791740966,0.3008992873628,0.30674318825478997,0.31085877676133,0.31363052330357,0.31540535007275006,0.31650723284207,0.31722262367721,0.31775574665712203,0.31822583824538603,0.318694869122496
MUM,low,2,0.0,11,14,1,,0.07371827291,0.05133437094900001,0.042835890552,0.03625982269899999,0.0307714232009,0.026051479361200003,0.022218936335849995,0.019448276815160006,0.01739764785709,0.015400135887749,0.013240399799858001,0.010935748342809,0.008642542202351,0.0066336689134670005,0.005001613095705998,0.0037531387360460046,0.0028404093338099956,0.002185834690130001,0.0017169874834699977,0.3012340272,0.23505659229000003,0.20975879334099998,0.202084299389,0.20265397969,0.20624069288909996,0.20966128192789996,0.21230438059205,0.21466141377689,0.2170636805198,0.21954988785205098,0.22195809087219295,0.22404270832938405,0.22562048012703298,0.226655729213566,0.22724048571785999,0.22751565458181397,0.22760689624800395,0.227601778337874,0.22755337595440397
MUL,low,2,0.0,10,13,1,,0.07371827291,0.05060204721800001,0.039233930336000006,0.032409265666,0.0269673475141,0.0227988590824,0.0198157911974,0.017374225332699996,0.015019033112020002,0.01272041269272,0.010590650792750005,0.008647938596909998,0.0069026289928499985,0.005371088084910003,0.004100536620355,0.0031025256264820005,0.0023990072542069973,0.001903013673682002,0.0015500896179349976,0.3012340272,0.23505659229000003,0.20596905507200006,0.192798724336,0.18799435487000005,0.18814452075590002,0.1910025883735,0.19538355247609995,0.2004174735284,0.20511798317238003,0.20889412926965994,0.21176895913690996,0.21397682710000002,0.21567930474715005,0.21696793876223996,0.217928523781885,0.21865635697540298,0.21923838492599604,0.219738918987514,0.220198532762179
MAM,low,4,0.0,13,15,1,,0.07371827291,0.043238788744,0.037500782988,0.037161584042000005,0.0383882889258,0.036988346504400006,0.0333486638453,0.028449419456699997,0.024475899993950005,0.021185487369139992,0.01852288070673,0.015759359854279998,0.012682502367960001,0.009512334448913999,0.006770335877855002,0.004749340209545997,0.0033771852802339953,0.002479149013555003,0.001881149369101006,0.3012340272,0.23505659229000003,0.213914285746,0.21688685595799995,0.234238212116,0.25937904181620003,0.2854906629038,0.3069613239265,0.3220470617338,0.3317108484438499,0.3375268278667099,0.3408854408819801,0.34276898925969995,0.34370283197973994,0.34396191028482603,0.343826740248971,0.34356353711942494,0.343332949019191,0.3431968207696361,0.343164062780535
MIL,low,3,0.0,12,16,1,,0.07371827291,0.04751692503399999,0.036858521219,0.031949486399,0.029984314884999995,0.029699506009000003,0.030083808167,0.029455022926299996,0.02750781879370001,0.0252045397201,0.022532638672430005,0.019152637148059995,0.01516825049718,0.011262928375150003,0.00791854061037,0.005495220643310003,0.0038883390580399958,0.0028246117694100043,0.0021120405039099957,0.3012340272,0.23505659229000003,0.21040159805599995,0.20448560223700002,0.20841655721799995,0.21907984687899998,0.23415540406199997,0.25090701044700003,0.2664655337487,0.279146260639,0.28880245804090005,0.2957616875884701,0.30040613788041,0.30319286772323006,0.30461543920808,0.30516370253771,0.3052503191444,0.30514998092636003,0.30500819892294995,0.30488690159024
RAN,low,7,0.0,14,17,1,,0.07371827291,0.039794234119999994,0.0280827603,0.030036454730000002,0.03536819208400001,0.04132414352700001,0.04662391931419999,0.05170596545410001,0.055631314102299996,0.05704968619054,0.053443383951429994,0.04420670339161999,0.03290537094366,0.02243762601652,0.013798273858409997,0.008024258881329998,0.005096778514420003,0.0038344425714300014,0.0033580214888100004,0.3012340272,0.23505659229000003,0.20611013257,0.19832428091,0.20579281706,0.225025200936,0.253069810269,0.28797236295480005,0.3282638719007,0.3713811809984,0.41402602320786,0.45158916215642997,0.48058517952480995,0.5006799658971501,0.5131217261740699,0.5194762080378801,0.52193153115301,0.5224499265278301,0.5220827565528599,0.52127548261327
DEN,low,3,0.0,13,16,1,,0.07371827291,0.037966639924000005,0.033273125477999994,0.032669334811999996,0.031302079293,0.028572061045799995,0.025404171454,0.023736676957920002,0.0235046310311,0.023376164660380002,0.022610982081881996,0.020489864429068,0.01710836700173,0.013063438018230004,0.009233234649037003,0.006268253237481,0.004287207679806995,0.003014324279026005,0.002199830336944998,0.3012340272,0.23505659229000003,0.211458011966,0.20607224888799996,0.21135978887599996,0.22258409998300002,0.23568560053720003,0.24845685508319998,0.26018568212528,0.27073221109418005,0.27995931843379995,0.28748657035191805,0.29304858792285005,0.29679768732112005,0.29907948010289,0.30027985359385295,0.30083984247637197,0.30111366951656504,0.30128972601753895,0.301444271845394
LAB,high,7,0.0,14,17,1,,0.07371827291,0.03005765963,0.02744459166,0.04102330624999999,0.054094141591000004,0.061154799000999994,0.060935406963999995,0.058411938969799994,0.054963684524609986,0.050817499261690005,0.044714141709083985,0.037637838224082995,0.030564948344811004,0.022374872534041003,0.013837313197093002,0.007750540080374003,0.004558848511711996,0.003051108046602003,0.0023334923465999956,0.3012340272,0.23505659229000003,0.21850283466,0.22696551414000002,0.2553355017900001,0.29978829343900004,0.35324620843800003,0.40876518767399994,0.46277133530419995,0.5131276625795899,0.5566767816378999,0.590612966108816,0.6156349939247331,0.633702394459922,0.6456899499258809,0.652325673128788,0.6555326218484139,0.6571612253367021,0.6581403638901,0.6588408443764999
DUK,low,7,0.0,14,17,1,,0.07371827291,0.04147036062,0.033228424910000005,0.03079526718,0.02889976613,0.028621835994,0.031148204609,0.03789728453499999,0.045978478320300005,0.0540100313299,0.05747188316749999,0.052151064845780006,0.03926220974254,0.02540570849147,0.01523647067026,0.009130248334189999,0.005876365801600002,0.004179292165929997,0.003341029297900005,0.3012340272,0.23505659229000003,0.20409737566999997,0.19282876405999996,0.19352459356000004,0.20111096526999997,0.21435371997599997,0.23429917020700003,0.262160872672,0.2973897201517,0.33889993392179996,0.38391993099430005,0.42500495838852,0.45534121282598,0.4736645198345101,0.4831829751642501,0.4876730090300601,0.4895605780284601,0.49004021126253017,0.48964510756463
KEB,high,0,0.0,11,13,1,,0.07371827291,0.039730915285,0.03627874108299999,0.034706683268,0.0328326424248,0.0289674124509,0.025379457088800003,0.021488780449960006,0.01761337884595,0.014396475352039995,0.011429870978829004,0.008791580384099999,0.006561207929397997,0.004763706185709,0.0033748797174719992,0.0024036448880680006,0.001744577703752,0.0013130888212199998,0.0010360312240099985,0.3012340272,0.23505659229000003,0.210736002005,0.19722353152199998,0.18839110645399998,0.18223562082919997,0.17700102897829997,0.17130232188950004,0.16491025403954,0.15827717019359,0.15175424544154997,0.14557921146272101,0.14008288807862102,0.13557094694922298,0.132160666403514,0.129758364066042,0.128135490117974,0.12704478105422198,0.126293734633002,0.125755449228992
BOK,low,3,0.0,13,16,1,,0.07371827291,0.044645435237,0.035195839469000005,0.027692787726,0.023804752973,0.022307082497000003,0.022910080960000006,0.023785408376999998,0.024402773910100005,0.024315006721400002,0.0228537922956,0.0199574531844,0.01622489948017,0.012321008263099998,0.008855403421520002,0.006202968120630002,0.00437628887918,0.0031827221351000013,0.0024112057947499976,0.3012340272,0.23505659229000003,0.20887672105300006,0.198736680184,0.19785888695799994,0.20249841726499998,0.210527021368,0.220681971218,0.23217503731099998,0.24438679603690003,0.25660053620749995,0.2678864380059,0.2773196347675,0.28438244655333,0.28914389622023,0.29212134402471,0.29397126855608,0.2952114085929,0.2961481691038,0.29693738902304995
REK,low,3,0.0,14,17,1,,0.07371827291,0.044209741440000005,0.0348369197,0.027977369970000002,0.025066260943999996,0.024818906696,0.026052354267999997,0.027847868983200002,0.0304085135415,0.03231922709041,0.032923694331620006,0.031246675691989995,0.026070511424379997,0.018791945241780003,0.01214048537644,0.007552395021754999,0.004788892467684003,0.003165946559315999,0.0022395040945240004,0.3012340272,0.23505659229000003,0.20579858684999996,0.19587249883,0.19610644047999995,0.20254924733600002,0.21333829354000003,0.227577759292,0.24448409566879994,0.2628450963273,0.28133931703689,0.29851995656527,0.31251686991328004,0.3216786387489,0.32591990554711997,0.32691994143068004,0.32647157396892496,0.32557851744124094,0.324633428061925,0.323751791367401
KOL,low,7,0.0,14,17,1,,0.07371827291,0.03628513678,0.030305149510000007,0.03523643356,0.039838039153,0.04218976118799999,0.0437947323475,0.04550325951780001,0.04710238672671,0.049133263228029994,0.05295333158095401,0.051798299823994996,0.041658159482241,0.02745157498549601,0.015816518455454003,0.00895967964333799,0.005607232068013004,0.004108095293652005,0.003554896159070996,0.3012340272,0.23505659229000003,0.21040485351000004,0.20415987202000005,0.21315937884,0.23389763614699993,0.262334597879,0.2959783953315,0.33336687981370006,0.3733568562869901,0.41489918825896005,0.456431874878006,0.49348381219401105,0.52114382605177,0.539030932666274,0.54881713615082,0.5535339280974819,0.555669567023469,0.556435800589817,0.556298931103946
LOK,high,7,0.0,14,17,1,,0.07371827291,0.03299503975,0.027565765229999997,0.03170864472,0.039871234116,0.049020685240299997,0.05738571227059999,0.06188769007996,0.06164470501736001,0.057090865076665,0.048610118752797,0.039066307643946,0.029703665854,0.020627392144050002,0.013117781224116996,0.008066474612156004,0.0052249920447569945,0.003767732182665,0.0029610607100450017,0.3012340272,0.23505659229000003,0.21425335134,0.21120636805,0.22339353308999998,0.24975035743400004,0.2886985075137001,0.33780931888309995,0.3925486578231401,0.44803586760578,0.49956576852911494,0.5417871961763181,0.5724985647323719,0.592578187678372,0.6039863559343221,0.609435957110205,0.611606539698049,0.6122402014532919,0.612176235670627,0.6117749313605819
MID,high,1,0.0,12,15,1,,0.07371827291,0.043114794958000004,0.031118579742,0.027497982449,0.024935259622,0.022669757898800002,0.021057863805199986,0.019482258555500002,0.017737571542599997,0.015889676748599996,0.0141031568178,0.0121991778711,0.010062716073899998,0.00794342953201,0.006075470063580001,0.004611983703959998,0.003554087646520001,0.0028356120687500026,0.002336559272849998,0.3012340272,0.23505659229000003,0.20929859333200007,0.20106719138999996,0.199308526401,0.199427241679,0.1993660665802,0.19849491077499998,0.1969451414195,0.19492138227689995,0.19248458972829996,0.18969929811050001,0.18679259623939998,0.18411718076550002,0.18194491523749,0.18033347358590998,0.17919074481875,0.17839459199702998,0.17784913468948,0.17748925562043003
TUD,high,5,0.0,14,16,1,,0.07371827291,0.044991861970000005,0.031919501569,0.0302062560205,0.0334411738685,0.037511509439690005,0.041921155492700014,0.047000789793432994,0.04980846189726501,0.04829193676836699,0.042719034635171,0.03455154318992,0.024592733162512002,0.015466456888122999,0.009227737208032999,0.005583078056898006,0.0035734255341289987,0.0024891791118580014,0.0018826363326540077,0.3012340272,0.23505659229000003,0.20363487632,0.194484566151,0.20285451173050004,0.22326116882199998,0.25174577356231,0.2867221780696099,0.32759396207617697,0.37209071017891204,0.415629866410545,0.454115817815374,0.48518893404545393,0.507281080862942,0.521016242594819,0.528914667586786,0.533344412929888,0.5358760347957591,0.5373915909719009,0.538360161687247
POS,low,6,0.0,13,16,1,,0.07371827291,0.035618341766000004,0.035530431182,0.03692412975360001,0.03570197432914,0.033202043765230005,0.029780506484263003,0.028146190168808996,0.027913210303615998,0.028056671168323003,0.027160318910055006,0.023982037886315,0.018872259550129004,0.013181391206514,0.008595153344618002,0.005681261633357997,0.003977964705842999,0.0029704589832430083,0.0023437526166359955,0.3012340272,0.23505659229000003,0.21558635252400002,0.21275330674200002,0.22026392418840002,0.23380616045926003,0.24909502969402997,0.26427899400976695,0.280519704180958,0.298702506897342,0.31818271214901894,0.337169388778964,0.35352804317264896,0.36576240124251996,0.37364016783600595,0.378309333631388,0.38119568533803,0.38319026863218697,0.38472835188894405,0.38601099737230804
KAL,high,4,0.0,14,16,1,,0.07371827291,0.044146214540000006,0.031011529757000004,0.023745433071,0.022070724267,0.025110980223299998,0.0308137344707,0.03585635399459999,0.039824428667470005,0.04139298752843001,0.038718477721297995,0.03211869221829801,0.023522939941109003,0.015571994778479994,0.009600846782801,0.0059021109149100005,0.003867428630700006,0.002748003676809994,0.0022383161480400036,0.3012340272,0.23505659229000003,0.20258395575000002,0.18424466599300005,0.17695474152200003,0.17930772005500004,0.19044758383170002,0.20959465116099998,0.2357524175664,0.26792474717893,0.3034683120705,0.3375989902092019,0.365813518170904,0.38577961802979494,0.39786638969131494,0.404318268915654,0.40758985180320395,0.4092459843823841,0.410047022354954,0.41033903581679404
BAP,low,2,0.0,12,14,1,,0.07371827291,0.046931353456,0.037509249333999996,0.030759772857,0.0251809212197,0.021145926132600003,0.018934645675899996,0.018113850163899995,0.01747458673022,0.0160697103075,0.013773084421220001,0.011092846781601001,0.008540337445959001,0.006319792518425999,0.004609705795860999,0.003410164069811,0.002579189152608999,0.0020359929309660026,0.0016663489577789998,0.3012340272,0.23505659229000003,0.20206640483399999,0.18270007530000001,0.171033218243,0.1648089220233,0.16260576929070003,0.1634328000148,0.16663064785489998,0.17149829739867997,0.17701507291718002,0.18217156441996,0.186437241254359,0.18970745179639997,0.19206920953797402,0.193703885862113,0.19482763883230203,0.195630162799693,0.19624658253872704,0.19676136439494799
PIL,high,3,0.0,13,15,1,,0.07371827291,0.042007358540000005,0.033096547703999994,0.030829645064999998,0.031357137534000004,0.031411761787999995,0.030706180326999996,0.028886688676,0.025963729233999998,0.0225250348598,0.0191674768138,0.015844099633,0.0125076722836,0.0094789925854,0.006935805902579999,0.0050304579363000005,0.003706055958400002,0.0028111298242599995,0.0022117469564799986,0.3012340272,0.23505659229000003,0.20917719175000002,0.201364642246,0.20353458404100003,0.213019666827,0.22727265094299995,0.243742845278,0.260201028222,0.27509197278799996,0.2879494438082,0.2989527581143999,0.3081674907814,0.3154883913178,0.32092288501239996,0.32475074876982,0.32741318249351997,0.32931859545512004,0.33075629945086,0.33190575117438004
LUS,high,4,0.0,13,16,1,,0.07371827291,0.035826288654,0.027364409164000004,0.0296666585028,0.034313664035799996,0.0391116768542,0.042097116653879996,0.040841699891320006,0.037377256789189996,0.03228497986797,0.027482961585784,0.022891505953114004,0.018057143278722,0.013160836811789998,0.008872300398349,0.005843268065563999,0.003960980915799002,0.002860508779610997,0.002268256553343001,0.3012340272,0.23505659229000003,0.21304299623599998,0.21234473087199998,0.22305324076919997,0.2437521773334,0.2729298586792,0.30686719442532,0.3398544121340001,0.36756354394481,0.38979271147684,0.40826609549105597,0.4238773409379421,0.4363904998592199,0.4453807954474299,0.451149715802681,0.45462105387271706,0.45669096995231806,0.45794244759210706,0.4586951743893639
SIS,low,1,0.0,12,16,1,,0.07371827291,0.04201939125999999,0.031652640232,0.029636680037000006,0.0304792430836,0.029320738294999992,0.025685174662520002,0.021517861811680007,0.018924394364204997,0.018005052894702,0.017033957778716,0.015419913210436,0.012959677515401002,0.010135344601918,0.007591985655125998,0.005634687492800002,0.004275363132161,0.003367385244480998,0.0027744498329430028,0.3012340272,0.23505659229000003,0.20191901303,0.185907159998,0.18296999980099998,0.18748633133739998,0.19383760744239997,0.19839494975988003,0.2001138812082,0.199586030519995,0.19762410513929304,0.19479455082057698,0.191543404224141,0.18824446374874007,0.18518328708891796,0.182575316427704,0.180535678692384,0.179066143855945,0.17810038066308598,0.17755389710912906
BAS,high,6,0.0,14,17,1,,0.07371827291,0.041334635426,0.033964231914200005,0.0400268668024,0.047077538431880006,0.050747442853298005,0.049687828491211006,0.046219559640979,0.042298004833877,0.038548570843216994,0.034109082655615,0.029008760205587,0.023152929270504,0.016750816675840007,0.01104564749774,0.00709279536544,0.0047469586980599995,0.0034525288796179985,0.0027884146409319984,0.3012340272,0.23505659229000003,0.21502190426399997,0.22457996660979998,0.2520446037274,0.29060805609552004,0.33510221164222204,0.3800239857510109,0.42165723051003207,0.4585008606961549,0.4893457945129379,0.513350133057323,0.530557803351736,0.5416019648012319,0.547645430205392,0.550373655107652,0.551293445742212,0.5512716064441521,0.5507058465645339,0.549781632323602
LIS,low,1,0.0,11,15,1,,0.07371827291,0.039162559804000005,0.030548789865,0.028544408843299996,0.026437364199500005,0.023935605091900004,0.021494667817520005,0.020254376063610004,0.019187269989423,0.017819489679162002,0.016017688234164006,0.013848989420011996,0.011387478892094,0.008902698320340997,0.006724626814797002,0.005012412354524998,0.00376889120216,0.002882872372230002,0.00225409212805,0.3012340272,0.23505659229000003,0.20935180248600002,0.20347048502099999,0.20431253817769998,0.2057524417782,0.20463855588630003,0.20079100426878,0.19505367020517,0.18797475221574703,0.180058822736585,0.171883502302421,0.164053000482409,0.157125648762315,0.151463186949974,0.147124226371177,0.143928002817172,0.141604901385312,0.139905010773182,0.138636457513792
KUS,high,6,0.0,14,17,1,,0.07371827291,0.037845452551999996,0.031693201793,0.03364431167189999,0.03635960284,0.0375056506791,0.03910063204229999,0.042346603935940016,0.045642546322656,0.04701373278780499,0.04590527220479701,0.04150031372191999,0.033011067308476,0.022537103370773002,0.013976627010979,0.008413408124336004,0.005307639268353996,0.0036244616863840068,0.0027939851508070024,0.3012340272,0.23505659229000003,0.215119175738,0.222643208625,0.24252001935309997,0.2679782311131,0.295971640014,0.3267374539517,0.36085452293576004,0.397074820953104,0.432778724965299,0.46560900576050207,0.493419823838582,0.513788641930106,0.525904863159333,0.5318674827483539,0.534397468024018,0.535136461355664,0.53483854238928,0.533842130998473
LUB,low,4,0.0,13,17,1,,0.07371827291,0.037713596870000005,0.028209626811,0.025358589004,0.025600424250999995,0.027546958650000005,0.030212881673,0.032415487862,0.033037216644,0.031701887916,0.028778489849299992,0.025021410412800003,0.020542137180199992,0.015343638882700001,0.010597519686820005,0.007336428271769994,0.005506926759900002,0.004612488238449996,0.004275256684580002,0.3012340272,0.23505659229000003,0.20829435022,0.19529066440899995,0.19045798040499995,0.19241752461399994,0.20072467570399996,0.21507577568300001,0.23460879098100001,0.257331479857,0.280544815541,0.3021521227317,0.3212543871189,0.3371615593786999,0.34904709607599993,0.35703067015518,0.36232114985140995,0.36620522529951005,0.36950769301506,0.37265886922048
LEP,low,6,0.0,13,16,1,,0.07371827291,0.027608337530000006,0.0337311579,0.041732852206,0.04680016249400001,0.048178990403999984,0.047277585015000005,0.04473181619299999,0.04026535750540001,0.034627183256299994,0.0286659117272,0.022683539818500006,0.0171038892524,0.012255202797099997,0.008429612410900001,0.005763651499690001,0.00403351607382,0.0029528943549799974,0.002257907612350002,0.3012340272,0.23505659229000003,0.22185187236000004,0.23343730765999995,0.25848247133400004,0.29162391132,0.32873599997599995,0.36670724028100005,0.40263369848799996,0.4340373441825999,0.4594491226863,0.4786058779591,0.49212541942059995,0.5009839887681999,0.5062879222711,0.5092305350602,0.5108227079605099,0.5117148140866901,0.51225099820811,0.5125946324049601
SAB,low,4,0.0,11,15,1,,0.07371827291,0.03102149956,0.03516709336999999,0.040875477396999996,0.04289032357400001,0.040071322809499994,0.0341432017958,0.027373013996190007,0.02175201938999,0.018203206634119996,0.015820307764961003,0.013658610946873994,0.011242189724223002,0.008704736527157997,0.006538307426294002,0.004846234102552997,0.003680553560549003,0.0029105787842670008,0.0024046630542669998,0.3012340272,0.23505659229000003,0.21958390973,0.22964169181999997,0.252326780463,0.28027943724900006,0.30648888403950003,0.32640234564369996,0.33843599644751005,0.34289427085752,0.3414503522233999,0.336177101658439,0.32901451511156504,0.32164482278734197,0.315200050260184,0.31007806363389007,0.30615142704533693,0.30311258556678794,0.300678373122121,0.298644935641454
NAT,low,7,0.0,14,18,1,,0.07371827291,0.03904199236,0.030570513050000005,0.03055464921,0.03265540792,0.034685468474,0.037915077155999996,0.041962135221,0.045278322745500005,0.04777847479490001,0.0488541850932,0.046744194764099994,0.04054611385269,0.03001765656391,0.018449837629720002,0.01045542208873,0.006310576760743001,0.004269171817322999,0.0032230271082230037,0.3012340272,0.23505659229000003,0.21256052193,0.20700263724000004,0.21251334888999995,0.22636700163,0.24652500835600002,0.2726119312,0.304074664379,0.3387294506335,0.3739648205786,0.4074625925454,0.4371814349612999,0.46136502750860997,0.47847836480469996,0.48842190865498014,0.49361679260625,0.49653141016550706,0.498442078788184,0.49988641411996104
TOP,high,3,0.0,14,16,1,,0.07371827291,0.040845751759999986,0.030471357253,0.026662532831199997,0.0258689374133,0.026795536671,0.029128571322100002,0.0317334135802,0.0314972069901,0.028110727024999997,0.023841685482,0.019454318558100005,0.014967315558889997,0.010871182172310001,0.007613932009649996,0.005398835488590004,0.004055090084349998,0.0032652952079099988,0.0028018042428899995,0.3012340272,0.23505659229000003,0.20557394653,0.19114955027699998,0.18633981864580001,0.1890811572325,0.1986945445615,0.2150485695856,0.236396727118,0.2585382188199,0.27805530409109996,0.2942652154651,0.307218521775,0.31682820637011,0.3233644106718,0.32756583060215,0.3303388500675601,0.33238532252881003,0.3341044526703,0.3356876213321299
DAS,low,6,0.0,13,17,1,,0.07371827291,0.0372903034,0.026280911757,0.029703558963,0.033685369161999996,0.036541516031,0.038862514945599995,0.03802007810592,0.035550014176209996,0.03350210068132999,0.031865728901619005,0.029633046964671998,0.025550598520670004,0.019370182934037992,0.013040361130788996,0.008423505018344003,0.005727050188654997,0.004432501515533,0.003855430154744004,0.3012340272,0.23505659229000003,0.20836241409,0.20540216099299996,0.21576376323,0.23347345614800002,0.254405499937,0.27513410590739995,0.29391652774147997,0.31146186094527,0.32841932284394004,0.34407091954232105,0.357254200977649,0.36681749245697903,0.37221550552294097,0.374304320232152,0.3745939173438081,0.37410775489915293,0.37328602524762,0.37227454820887595
MAT,high,3,0.0,13,16,1,,0.07371827291,0.046317665549000006,0.036767099771999996,0.031009042718000007,0.02989442443700001,0.030976428261000003,0.0312313072,0.0297489416205,0.0268645028398,0.024017257258629993,0.02132561065331,0.018943971649730003,0.01584395291951,0.011902053342670001,0.008163028470669999,0.005472969181399998,0.0037308893781730005,0.0026654089847980007,0.0020081992641030016,0.3012340272,0.23505659229000003,0.21067801154100002,0.20866074396899997,0.21886879625100003,0.236307602856,0.258093319933,0.281576782457,0.3044473639725,0.3243494517046999,0.33928832232607,0.34860742507275994,0.35311546502303004,0.35416658850351995,0.3531381449608501,0.35142519009018003,0.34987224850877996,0.3486815503306071,0.34778874680580907,0.34709254418170604
SIT,high,7,0.0,14,18,1,,0.07371827291,0.04643800646000001,0.03624597105000001,0.0336653892,0.036061927630000004,0.04073633662900001,0.043891697506000006,0.04619696409019999,0.0520589877107,0.06132526187890001,0.07093747742929998,0.07453872113874001,0.06614334145729898,0.04513433107568501,0.024086794176982004,0.011777506846186002,0.006417188889673008,0.004288297724999995,0.0035039880380080056,0.3012340272,0.23505659229000003,0.20390422583000004,0.19191908906,0.19599717054,0.21404179411000002,0.24310717200100002,0.279200570335,0.32083105664479994,0.37015279253409994,0.42847574353519996,0.49370142986590004,0.56076221923916,0.619529256767861,0.6594230709541758,0.6803059982351941,0.6900878550150081,0.6950084602677349,0.6979035611249348,0.699872073187327
SOP,high,5,0.0,13,15,1,,0.07371827291,0.034296779781,0.027232510835999996,0.038704156347,0.049209292168200004,0.05336811352948,0.05060551008378999,0.045020303788116,0.039195830950051996,0.0333028814611,0.026708120398379998,0.020131590396572994,0.014374852614604002,0.009899003227505998,0.006715855596884998,0.004564770747451005,0.0031327090732209983,0.0021880552279980006,0.0015759877901419955,0.3012340272,0.23505659229000003,0.211334156509,0.213351201473,0.23532726564599998,0.27242273127780003,0.31763605884832,0.36249880584453004,0.40236275459641396,0.43663062964636196,0.464516315585262,0.4849794553868819,0.498250650990309,0.5060562915757051,0.5103966190621989,0.512754469027314,0.514032873747863,0.514721477470642,0.515073454086644,0.515221919272102
PET,high,5,0.0,13,15,1,,0.07371827291,0.03949187212900001,0.036281204613,0.041039589401,0.048042939252,0.051383135217000005,0.048119271954,0.041657283412800006,0.033717801687400004,0.025676538998799993,0.01903649366515,0.013994641002990001,0.01013397981582,0.007180147325249001,0.005036395292610997,0.003604825254947999,0.0027041245464060008,0.0021396754471459966,0.0018002245305149972,0.3012340272,0.23505659229000003,0.213554755161,0.21924947634800007,0.24319168494699994,0.28025682498300003,0.32309712071200003,0.36429698694400003,0.39986910263719994,0.42724858852980013,0.44585560627100007,0.45781797280584996,0.46556131548285995,0.47045990772704,0.47331884394179097,0.47483282866918,0.47555662501423207,0.47583791047782603,0.4758642801606799,0.47573193420016496
PAS,low,4,0.0,13,16,1,,0.07371827291,0.039528173779999995,0.030447563058000005,0.0291793347106,0.030170308014100002,0.032172465364849995,0.034111271214799996,0.033692555428805,0.03087685459287,0.027929375639909,0.025324783906568005,0.022192233696257002,0.017749916691876998,0.012797749680699,0.008746294357589,0.006115539231231003,0.004627547392474998,0.0038072982554900013,0.003334819054748996,0.3012340272,0.23505659229000003,0.20918695611000002,0.200285593652,0.20158651230139998,0.2106400593673,0.22503634980245,0.24284871358764998,0.26221505345884494,0.28093353976597496,0.29851931526606595,0.315311504421498,0.330677876089241,0.34306819548536405,0.351700366716665,0.3572288723190759,0.3608502321878449,0.36349586237537,0.36569020515988,0.367687622885131
POL,high,4,0.0,13,15,1,,0.07371827291,0.03832656177,0.033848318657,0.035427428897000006,0.039051807445,0.0414748567787,0.038723352131600004,0.03382397950197,0.029367289530349998,0.025540917371277994,0.021529044714376,0.016827586712093997,0.012094011736390003,0.0081810124878,0.005477361094736995,0.0037531545674500018,0.002683455992640996,0.002026124479855001,0.0016631887021180008,0.3012340272,0.23505659229000003,0.21271974851999997,0.20893346866299997,0.219331293832,0.24131871473299998,0.2700704701943,0.2990244951027,0.32462202910072996,0.34670259285898,0.36583150920410196,0.381850924600126,0.39422258104003205,0.402822426943642,0.4082477767378419,0.411440248061105,0.413227877285655,0.4141726372970141,0.4146153892891591,0.41475549379704096
BUS,high,2,0.0,10,14,1,,0.07371827291,0.045079037072000006,0.0367757586277,0.03244970550709,0.028660540221319995,0.02601865445949301,0.024002521766987,0.022577019981875997,0.020954813920517998,0.018452546444130004,0.015428860636074999,0.012299508039183003,0.009356722291220997,0.0068582593387230065,0.004944257306057994,0.0035716536703810065,0.0026263680756419966,0.002003804264381003,0.0015977806593639996,0.3012340272,0.23505659229000003,0.215416471218,0.22710575839029995,0.24558732574320996,0.26224042918189,0.274542217462397,0.2818928874954101,0.284917517333534,0.284855502153016,0.28305285642888606,0.280602020272811,0.278120397099828,0.27584800031801704,0.273882440157978,0.27227335227354393,0.27102235627564697,0.270091134257239,0.26942357834993,0.26896319321126
PUN,low,1,0.0,12,13,1,,0.07371827291,0.05135032521999999,0.042923471672,0.036903811799,0.031263342819,0.026354484529700004,0.022200576316899995,0.0190339089342,0.016285958299149996,0.01376987521352,0.011464498796570004,0.009302076134492998,0.007254140762807998,0.005457536901627,0.004013477534828,0.0029443539606879995,0.0021976648006690035,0.0016754100542679994,0.0013073364106819996,0.3012340272,0.23505659229000003,0.20052186106999997,0.18345963699799994,0.175105751999,0.17204582738,0.1726091376503,0.17548182254940006,0.17959775245919996,0.18426176003005001,0.18911105041712997,0.19386563800036,0.198179326704867,0.20173574446825904,0.20440386226803203,0.206263598037404,0.207503523879316,0.20831420413864707,0.20884198856037894,0.20918647413369698
SOK,high,1,0.0,12,13,1,,0.07371827291,0.03991147442,0.034281234341,0.031420762719,0.028635574956,0.025783164749,0.0228540113128,0.0195651334565,0.016392017747000002,0.013491309417249998,0.011076486779430001,0.00897192423634,0.007090409691769999,0.00542958266068,0.0040519397783819995,0.0029985341993660013,0.0022564824382449973,0.0017295829878780046,0.0013564703013879975,0.3012340272,0.23505659229000003,0.20393504387,0.183420469529,0.17012906480999998,0.16279660505399995,0.15976311963500003,0.15908127868820002,0.1591460555817,0.1591609723467,0.15899179872145,0.15874418573602,0.15849466099168003,0.15823496335591,0.15793249530323,0.157595395612848,0.157269203769482,0.156997219799237,0.156800385077359,0.156680422063971
LOT,low,7,0.0,13,17,1,,0.07371827291,0.033143316660000005,0.028622497036,0.035782448008,0.04466805984700001,0.05272685749599999,0.057076383297,0.0576363938159,0.053730303305,0.04715856593889999,0.03968013098119999,0.030970561343500003,0.02264684986616001,0.015483720739150003,0.010175173165809993,0.006639316707280002,0.004578396908099997,0.003506816142930009,0.002987828223839994,0.3012340272,0.23505659229000003,0.21820005362999997,0.221375916714,0.23953218472599996,0.27148698343300004,0.31463723079100003,0.36416252855400005,0.4148280596981,0.46222462933310005,0.5024226405942,0.532759111313,0.5519300889495,0.5614094284833401,0.5649802185441899,0.56604336537838,0.5662631976711,0.5661646693108,0.5658879273702699,0.56547336322803
MON,low,0,0.0,10,13,1,,0.07371827291,0.045862443307,0.034625660115000005,0.027184359281,0.021890219080499998,0.018460011265999998,0.01624388377562,0.01443531859367,0.013246035547520001,0.012215148066475001,0.011018501994107997,0.009589162173226001,0.007992204158139,0.006385673582589999,0.004977756850380001,0.003870021551829999,0.0030191697267200014,0.002388061981399998,0.0019293586138899993,0.3012340272,0.23505659229000003,0.203042318983,0.182649862868,0.16758503838699998,0.1552655943065,0.14477114424049994,0.13552878586488,0.12701658487121,0.11890132832368999,0.111100793257215,0.10374774206310698,0.097097138689881,0.09138592593574199,0.08672546311515199,0.083083976908772,0.080333159444942,0.07830883025822201,0.07685417191682199,0.075838547082932
LER,low,7,0.0,14,17,1,,0.07371827291,0.033915022339999996,0.033055387593,0.041991272161,0.050618087113000004,0.055859814188000005,0.057069079316,0.055378313928,0.050542033712,0.04483566510499999,0.0399102185121,0.0346968752104,0.027363396603349997,0.018897566666330003,0.011791949706589998,0.007219781712850003,0.004665693847452998,0.003252781472097006,0.002449116050012997,0.3012340272,0.23505659229000003,0.21480718114999994,0.21746581185699995,0.23771617233600004,0.272258451943,0.315325085615,0.36102009589899997,0.40471847877099987,0.443384311459,0.47706435203599995,0.5074152811159,0.5345949923115001,0.5562716932701499,0.57087629462982,0.5794855999312299,0.5843023710143801,0.587085768330927,0.58883315771483,0.590042054410817
TOT,high,2,0.0,13,15,1,,0.07371827291,0.04713035400599999,0.040300164576000004,0.03576982601,0.030324627723,0.026930261927,0.024605060659999994,0.022335143089200003,0.020534598590999997,0.019326321840800003,0.0178474450072,0.015621520535599998,0.012621567975400004,0.009423919817600001,0.0067046283188,0.0047916009160000024,0.003546284158499998,0.0027709818512000007,0.002287515977239998,0.3012340272,0.23505659229000003,0.205632310284,0.189076570708,0.182229549298,0.18287127677499998,0.18864162092199993,0.197377255822,0.20697399067880004,0.2163389239578,0.22541026247499998,0.23417288193540003,0.24212834789040003,0.24860252602539998,0.2532972231106,0.2564720512604,0.2586530196004,0.2602969311679,0.26168776532070004,0.26297452099546
KEL,high,0,0.0,12,11,1,,0.07371827291,0.04983225587999999,0.043118124924999994,0.036722210732,0.030279641652000006,0.024050740224,0.018768218080000003,0.014337839582,0.0110037287599,0.0086143907096,0.006926763116600002,0.005603328571999998,0.00447541894356,0.0034942074634000007,0.0026553575669300013,0.0019930301147299974,0.0015175066367800003,0.001192443057130001,0.0009557119473499986,0.3012340272,0.23505659229000003,0.19749788840999996,0.17018764968499997,0.149875195693,0.13525107454100002,0.12519543531699998,0.118402598037,0.11374227685499999,0.11051428449510001,0.10832066818549999,0.10689316046890002,0.10599631779690002,0.10540393569334,0.10493724242994004,0.10450751810301,0.10410278462828,0.10373989899149999,0.10343248355437001,0.10318350004702001
RER,low,1,0.0,9,12,1,,0.07371827291,0.0450728964,0.037098515291,0.032145525307999995,0.026468432969999997,0.021139431997999995,0.016803189161,0.014208720888500004,0.012632852426099999,0.011253798236899999,0.009724384801699999,0.008137284717630004,0.006624199367459996,0.005304173044660001,0.004298782573930001,0.0035440064835699976,0.003018920375480001,0.002666716157819998,0.00243408889249,0.3012340272,0.23505659229000003,0.20267623788999997,0.18557067219900003,0.177172840691,0.17349480980100002,0.171777194803,0.170233405042,0.1680591834035,0.16518602037139998,0.16192940217049998,0.1587020124528,0.15583104934717,0.15349365941571,0.15173759373905,0.15053140086512,0.14980871884155,0.14949595823207,0.14952520220425003,0.14983804332695996
KAK,high,0,0.0,11,14,1,,0.07371827291,0.043693806129999985,0.03424794377000001,0.028925216509999997,0.024577437940000002,0.020746720377000004,0.01772379439,0.015558876028000001,0.0143785732629,0.013487253029199998,0.012673770399529998,0.01148328090558,0.009787522498339996,0.007913707803960003,0.006193618775463997,0.0049009776982910005,0.003995887241262001,0.0033807431123620006,0.0029873658032729972,0.3012340272,0.23505659229000003,0.20193146216,0.17961061399000003,0.16458827474000004,0.15568930726,0.151585698423,0.150231097273,0.14982836174499997,0.14942893164209997,0.1487587805929,0.14774696331337,0.14635441218779,0.14467411004945,0.14296148289149,0.141491799454026,0.140428439119735,0.139811707978473,0.13960978566411097,0.13976472834683804
DAN,high,6,0.0,13,17,1,,0.07371827291,0.03834772199,0.02711573371000001,0.028084815216,0.037055316387299995,0.04812433013175999,0.05592478350801399,0.05805970617567399,0.0552768311116,0.05005250153679999,0.04380585144665,0.036404996404669994,0.027300479054247,0.018324920996410008,0.011575721964483998,0.0072399514443889975,0.004756625501783,0.003346647855467998,0.0025454985922839994,0.3012340272,0.23505659229000003,0.2068360543,0.19736230436999996,0.20447232157400003,0.22835038476670008,0.26795545937494003,0.318791611226926,0.373644652791252,0.4261383402796519,0.47290189774285196,0.5126858698962019,0.5443124506915321,0.5666436122372851,0.580417613840875,0.5880844924763909,0.592139846432002,0.594237600330219,0.595266247074751,0.595670946282467
MOB,low,6,0.0,14,17,1,,0.07371827291,0.045593802993000004,0.035148910002,0.030032256916999997,0.030280984097000002,0.034356765814,0.037411480316,0.038044633605,0.0369737197302,0.035623232729999996,0.03427205211198,0.03179598347174,0.026942274491590004,0.019686339884540004,0.012418015261027995,0.007501130539133002,0.004818247693352001,0.0033468771532780012,0.0025209431929690018,0.3012340272,0.23505659229000003,0.212362899097,0.207103641295,0.212509747378,0.22725415838500002,0.24969568516499996,0.27712493720900006,0.30692093574999996,0.33728240743980004,0.3671178912498,0.39552188458182,0.42115749005808006,0.44207539383048994,0.45661655521594996,0.46505583868092193,0.46958424494578904,0.4721178256324369,0.473630814579159,0.47456601012619004
KAN,low,0,0.0,12,13,1,,0.07371827291,0.04104823722,0.032214181036999995,0.028625481957999997,0.025916398848,0.022522712317,0.019294292760000005,0.016435068692,0.014010921143599999,0.011964042324899999,0.01009625544,0.008395295675779998,0.006827708255770001,0.005352291188379999,0.004099885338900002,0.003163153222489999,0.00254526813389,0.0021347673999549985,0.0018524788593240022,0.3012340272,0.23505659229000003,0.20310311107000006,0.18042443323299995,0.16141178947499998,0.145523894027,0.13306335191000002,0.12389452874999998,0.11759588165799999,0.1136254490644,0.11136062957350001,0.11021191962749997,0.10970139082572,0.10946900304994997,0.10927931444957001,0.10904088479867001,0.10877669492418,0.10854881286628998,0.108404578212335,0.108364266055011
SED,low,2,0.0,12,15,1,,0.07371827291,0.04151730197,0.033520410667,0.031047897754,0.030734623475,0.03149027532500001,0.02969487225699999,0.02695605678257,0.024336393364050003,0.021758946236148997,0.018556552547312,0.014658691290726998,0.010825831304540002,0.007711383994186996,0.005549177636292,0.004138163266725003,0.003249248383733997,0.002687748041657003,0.0023082152923039946,0.3012340272,0.23505659229000003,0.20405117232000003,0.191792258453,0.190408262699,0.19593019620399998,0.20529990541900006,0.21597107438199994,0.22636940043943,0.23631909903537995,0.245811298435231,0.254142577691919,0.260566106359192,0.26500085802465195,0.267929398428465,0.26993800592577305,0.27146457582344796,0.27276830108491396,0.273980151808457,0.275156070944753
BAL,low,1,0.0,11,15,1,,0.07371827291,0.048924737715,0.03830192145499999,0.0297620445156,0.024315838465299992,0.020446710044600004,0.019005039601220006,0.018867463576729998,0.01897803378156,0.01823129590465,0.016512405758140003,0.014070378482071995,0.011272079449269999,0.008600338640062,0.006325830570733002,0.004572720807774999,0.00331351711934,0.002424507877550999,0.0018047218395930002,0.3012340272,0.23505659229000003,0.20985029477499995,0.20395151332,0.20495696978439998,0.20797765641909996,0.2101561769745,0.21003168537327999,0.20754117359654997,0.20330385721499,0.19801434291033998,0.1924127339522,0.187230011461528,0.18294380167245805,0.17967057524099603,0.17728378277686305,0.17558091813568796,0.174376016963948,0.173525364467797,0.172925213922204
SUM,low,0,0.0,10,10,1,,0.07371827291,0.04979859497800001,0.04437108729600001,0.035720057645999996,0.026614482146999997,0.0195658370902,0.0147004544033,0.01140728359778,0.009145106481740004,0.007563049087690002,0.006245981427639999,0.005124303410369998,0.004125573581037002,0.003265942069390001,0.0025633803903999993,0.0020340411343259977,0.001636373037474001,0.0013412593142869984,0.001119238851591002,0.3012340272,0.23505659229000003,0.19737938731199997,0.166056898616,0.14078044297000003,0.12274466102300002,0.11074768193279999,0.10304631712950002,0.09837593393172002,0.09584205038998,0.09473179929429,0.09445966439745002,0.09458237670948,0.09481917725124302,0.095036779519853,0.09520022112565299,0.09531992661132702,0.09541713415585301,0.09550930363556599,0.095607030329975
BOT,high,0,0.0,12,13,1,,0.07371827291,0.043277979530999995,0.03541055265100001,0.031469993179000004,0.029763853428999995,0.0281718207019,0.025401999827399994,0.021994635764099994,0.0185522937181,0.015205498409099995,0.01200192624341,0.00906166391585,0.006633868662259997,0.004758412510870001,0.003368695922622997,0.002387493013393002,0.0017181720964950015,0.0012642598513849987,0.0009521995517970033,0.3012340272,0.23505659229000003,0.21373348135899994,0.20243681070800001,0.19164194412900007,0.18047957350000002,0.1698587079981,0.1609356401707,0.1542469924066,0.1497235106885,0.14672199609939998,0.14438435065598998,0.14233274380014,0.14061983285788002,0.13926786217501,0.138215332838387,0.13739997853699404,0.136775245064499,0.13630321647311402,0.135951548921317
RIL,low,3,0.0,12,14,1,,0.07371827291,0.04210547046,0.032552043627,0.029246179220999993,0.027259421447000002,0.025592519828000003,0.023286438625999998,0.020697249677,0.017996027977,0.015246630958999998,0.012597947861999999,0.010087869207499999,0.0079546357468,0.006221795351999996,0.0049008532004000014,0.003948578469899999,0.003248329207999996,0.002745049070900004,0.002383303685300002,0.3012340272,0.23505659229000003,0.20623041383000004,0.19425569700300002,0.192047685762,0.19556344329499997,0.202142511803,0.209573107883,0.21634330115400002,0.22190964665699997,0.226327106238,0.229827811436,0.2326113988285,0.23482826862169998,0.23662583168969997,0.23814842848929998,0.2395131790194,0.24079914221140006,0.24205243088049996,0.24329595707520002
DID,high,6,0.0,14,17,1,,0.07371827291,0.04096193158,0.02879365208,0.026937188870000003,0.030661737407,0.03755198049,0.04383110858159999,0.048659065717799994,0.05122863231952,0.0509742017988,0.04777803503849099,0.042839481539905994,0.035548564993460006,0.025327765859070997,0.015393951066899997,0.008981103333419995,0.005582078048500003,0.0038763359118299968,0.002947030857940002,0.3012340272,0.23505659229000003,0.20530988671000003,0.19377173948999998,0.19728785014000003,0.21428614361300002,0.24267069664300003,0.2800132013614,0.32399807570359995,0.37144026624408,0.41844607550527996,0.461547460086789,0.49810521640688293,0.5259081200134229,0.543227708234352,0.5517161123674519,0.555384410434032,0.5569492585855319,0.5575866364737021,0.557765570215762
DIM,high,2,0.0,11,15,1,,0.07371827291,0.037950003950000005,0.03253181893,0.03181841393,0.029319334809999997,0.02662586490000001,0.024764834941,0.023398586760999998,0.022267340137399998,0.020254257695400003,0.0173927192693,0.014222962618700001,0.01115690981049,0.008463556773030003,0.00629156301593,0.004642302927439998,0.00344468063073,0.0025862028736699993,0.001978378486020001,0.3012340272,0.23505659229000003,0.21469543834,0.21243481066999997,0.21972408728,0.22997035375,0.24081574159000002,0.25059841272899996,0.257449619768,0.2607065862306,0.26110558293520003,0.2598919928659,0.2580902296472,0.25629706443671,0.25476753866368,0.25356366284775,0.25266366672031004,0.25201905848958,0.25157861041591,0.25129685892989
NOK,high,4,0.0,13,15,1,,0.07371827291,0.034325064550000006,0.031351653836,0.040463462294000004,0.050939179386999996,0.0551664628753,0.04917611206930001,0.03817683711677,0.02910335169982,0.022807092570613002,0.018404304583686998,0.014887111979765,0.011662884767083001,0.008704048233880005,0.006187494038640001,0.004340072924502996,0.0031193139439739987,0.0023316479964080004,0.0018699508610549973,0.3012340272,0.23505659229000003,0.21520550573999994,0.218247659704,0.23956544792999998,0.276873112529,0.3225734143077,0.36469837681840006,0.39677889386163,0.41988987266181,0.43700531063119696,0.44987244688750994,0.45925135504774495,0.465605025780662,0.46935979722678206,0.47110998500814205,0.4715895220436391,0.471387361179665,0.470840655723257,0.47011618064220195
NOR,low,7,0.0,13,15,1,,0.07371827291,0.037314855507,0.04959325619899999,0.055197267327999996,0.052656698116999995,0.046278230379999986,0.040333292562999994,0.035759033956000004,0.032127672616000004,0.028164627237299997,0.023202508786100005,0.018112823199899996,0.013521154403730007,0.009643338595839998,0.00670366095733,0.004641059957309997,0.003395275805805001,0.0026605375466730074,0.002247618580623995,0.3012340272,0.23505659229000003,0.227360882783,0.251584820584,0.288043577156,0.32562925071900006,0.358752168925,0.387602178926,0.41259430593999996,0.433142059926,0.4486904710966999,0.45955716272060004,0.4672706055881,0.47310488117217,0.47753660153192995,0.4807857607246001,0.48320267946129003,0.485148712441485,0.4868600776768121,0.48846087005418803
PID,high,0,0.0,10,14,1,,0.07371827291,0.03942010063,0.0302644341,0.027977611272000002,0.025866359696,0.023458206834000003,0.021207618204999997,0.019562137408,0.0183095503259,0.016692231685400002,0.014391943679899998,0.011742372213400003,0.0092373332847,0.007077765633399998,0.0053310888845000005,0.00400480237859,0.00301884158934,0.0023220739728900004,0.0018130230276299987,0.3012340272,0.23505659229000003,0.20694075765999997,0.19322640256,0.183300512688,0.174796439192,0.16735954475800002,0.16070637115300002,0.15445711972499998,0.1480964552591,0.1412438424077,0.13414609829779997,0.1275095181324,0.12189991179370001,0.11749779999829998,0.1142023149738,0.11179928163521,0.11006923596386999,0.10883101786498,0.10794860282935001
LED,high,2,0.0,12,14,1,,0.07371827291,0.033482780809999994,0.02728797575,0.029170789867,0.032899680276,0.035147365976,0.03402618098599999,0.030061149615000008,0.025494041064,0.020579368911999997,0.015882090757400002,0.0119257023888,0.008784283344599998,0.006484464297300003,0.005010362986620003,0.004145556542619996,0.003680635488960001,0.0034457486131500028,0.0033620437137499943,0.3012340272,0.23505659229000003,0.21194525148,0.20644153838999998,0.21047365498300002,0.22065577608699996,0.23329903977100003,0.24453389668499995,0.25259393063,0.25766466236599994,0.260277596594,0.26114539388060004,0.2610701019898,0.2607584115352,0.2607001208959,0.26109833295128004,0.26195206977466,0.2631932321077,0.26475914100855,0.2666072376628
TED,low,3,0.0,13,16,1,,0.07371827291,0.03993127322,0.031766715705000004,0.031039970301999995,0.030774702957999996,0.030205524713000004,0.029810417444000002,0.029006894716,0.027620838646000002,0.0250956524683,0.021665475020699994,0.017771816292300003,0.013783843622600007,0.010080288257,0.007023735616369999,0.004797898473569997,0.003323781889290001,0.0023895309469000024,0.0017977923164599991,0.3012340272,0.23505659229000003,0.20443397906999997,0.19202092096499995,0.190368789383,0.19573742742500005,0.20524119299200003,0.21655944810799999,0.22800541097200003,0.238313848286,0.2465265079577,0.25224991780699996,0.25577495184869997,0.25777295125809996,0.25888267386709995,0.25953284154872996,0.25997166680116,0.26032543837507,0.26064625244697004,0.26095016827431
MUS,high,5,0.0,12,15,1,,0.07371827291,0.04478242496800001,0.04114569382940001,0.043155729255900006,0.04557743584151,0.044113375517850016,0.038794935604435,0.03362270344011101,0.029534799514971,0.025401620096299996,0.02086859262783,0.016137841455963996,0.011851049685125998,0.008444167950442007,0.006018080131569995,0.004378548541397997,0.003328585457737999,0.0026828529428910043,0.0022883554828949976,0.3012340272,0.23505659229000003,0.21527996112200004,0.22905271149260004,0.25924148623669996,0.29639739039519003,0.33407759821734007,0.36768410273290497,0.3960768943127939,0.419870651377823,0.43947819064152294,0.4549071788936931,0.466336026477729,0.47438595165260294,0.4798905646738231,0.4836307875604129,0.4862198721097071,0.488087713022017,0.48951363218534993,0.49067083676048706
LAL,low,3,0.0,11,15,1,,0.07371827291,0.039919142930000005,0.030322404209,0.029556029109999996,0.029992167856999995,0.02986806645199999,0.029138833115000005,0.0279879427561,0.026064708621300007,0.023058204623199997,0.0191252009729,0.014798999332229999,0.010722019508900003,0.0075079323217799995,0.005247406781864997,0.0037257908745300023,0.0027024839511719965,0.0020317245457660005,0.001580431631311001,0.3012340272,0.23505659229000003,0.20559254336,0.19007085975100002,0.18482687844100001,0.18672630438400004,0.19267447113200004,0.20098607621700001,0.2105015862609,0.2201933428396,0.22904529961640002,0.2362577976435,0.24137488953126998,0.24447875674437,0.24612093573199,0.24688857235212494,0.247183510007595,0.24723762931842302,0.24717593652865705,0.24706353013734603
SAR,high,6,0.0,14,16,1,,0.07371827291,0.041191668998999995,0.03183910814799999,0.034168623316000006,0.04082801012599999,0.047330900315,0.04935310502100001,0.046845602486999996,0.0412313702613,0.034266905908500005,0.02823778428373,0.023173686761220003,0.018404509973040002,0.013857439603269996,0.009858883566649995,0.006887486062470004,0.004981840547021,0.0038304107482950043,0.0031044404946409952,0.3012340272,0.23505659229000003,0.205920055291,0.198740218143,0.209877464299,0.23614653414499998,0.27402998962,0.31697235025900006,0.35765823385199985,0.39192346973069997,0.4190833292222,0.44036917639847006,0.45676998085724996,0.46875117662420995,0.47668393382093993,0.48126995845429,0.48363733259181996,0.484802124044799,0.485359483896504,0.485594644801863
DUS,high,1,0.0,14,15,1,,0.07371827291,0.042445446756,0.035504898436,0.030831467321999997,0.025283295631000003,0.021511807714199995,0.018939138677900005,0.017169051845059995,0.01605379571728,0.015523283661460004,0.015103682288314001,0.014178362586487,0.012344014827498,0.009903077451212002,0.007628257205672001,0.005941931991489996,0.004899529159533001,0.004378733436219004,0.004265986621413003,0.3012340272,0.23505659229000003,0.20979392353399995,0.205839420698,0.205808018816,0.204104290425,0.20109664291279997,0.19841362560689998,0.19679254043784003,0.19628645699656,0.19677888710709998,0.198168886100786,0.20020541184229898,0.202330371882801,0.20403647517158902,0.20527495404591697,0.206326365010627,0.20751363840929402,0.209087206680675,0.21122871155566203
ROB,high,4,0.0,11,14,1,,0.07371827291,0.04031391632999999,0.04369231490999999,0.050440815800000004,0.051463665548,0.04590077886899999,0.035947356179999994,0.0265070784836,0.021148288387099992,0.018002602166740003,0.015214265593450002,0.012347531394529996,0.009636942708199998,0.007378888425417004,0.005569663358734997,0.004239759562943997,0.0033093274679490015,0.002700781456476996,0.0022797193872970047,0.3012340272,0.23505659229000003,0.22037194636,0.23471341815,0.26935409512999997,0.31321722276200004,0.35489997097299997,0.387629411993,0.41059012892940006,0.4255899605423001,0.43435159879556,0.43807252950211,0.43823884042757993,0.43659013547937997,0.43449982299396306,0.43265429775522796,0.43122331539228403,0.430148803350335,0.429321074221858,0.428643527446561
PIM,high,7,0.0,14,17,1,,0.07371827291,0.037264057860000005,0.03592425804,0.04726389297999999,0.05375620993,0.058138965690000016,0.061383154462999995,0.061268471256000004,0.05833906976500001,0.05283435278430001,0.04502104279580001,0.03540638608159999,0.025989702622669995,0.017481975421129996,0.010831471783680007,0.00655405587773,0.004166513684209996,0.0029179932470250053,0.0022416569252690006,0.3012340272,0.23505659229000003,0.22025761842999994,0.23745456749,0.27393117913000004,0.32056137834000004,0.37330349711,0.428772958047,0.4831418193910001,0.534121702826,0.5801293086417,0.6186551352459001,0.6482458307643,0.6690993261416301,0.6822760405205,0.6896714233368201,0.69348121265909,0.6953032905748799,0.696030386527855,0.6961281452025858
LAR,low,4,0.0,12,16,1,,0.07371827291,0.03787678753499999,0.031658512744,0.030917358314999997,0.032306948744500005,0.034258532677200006,0.0351545280735,0.03428861084997001,0.031810967055828004,0.028885326115608997,0.025330703957980996,0.020839185838739994,0.01600229900357,0.011575278306859999,0.008039411332169996,0.005550515149242001,0.003921409086755,0.0029287866665559962,0.002306869342950005,0.3012340272,0.23505659229000003,0.213123923955,0.20967799781100002,0.21801073741599997,0.23471506971150002,0.25754419883429996,0.28343817436080004,0.30839987751083003,0.3296767150550019,0.346676835739393,0.35984079258141194,0.369765623542672,0.376963746079102,0.38188316970064196,0.38504973621371197,0.38703907719433006,0.388328814398835,0.389232221445619,0.3899273038915891
NAB,high,7,0.0,14,16,1,,0.07371827291,0.036186933020000006,0.036387898169999995,0.04492359676,0.052644656814,0.058546017831000004,0.05973161143840001,0.055205012711299996,0.04764723681626,0.041308722589309996,0.03597523239922501,0.029822500250352987,0.02267432987473,0.015595380430249996,0.009904152112600003,0.0062425873672770004,0.004131844372045001,0.0029659389926449953,0.0022577265800750005,0.3012340272,0.23505659229000003,0.21797595727000002,0.23151514720000005,0.26418175934000004,0.309826750966,0.36329389257500005,0.41889527513660013,0.47062466662530006,0.51534282600904,0.5531446688197301,0.583889384420505,0.606402764170152,0.6204993992954221,0.628076231665172,0.631857846352572,0.633792081385295,0.6348124508132501,0.635342564220605,0.6355929613405299
NUM,high,3,0.0,13,16,1,,0.07371827291,0.044957344241,0.03833337421099999,0.037543408581,0.035450142137,0.032483134359899996,0.029533593933900003,0.02701487165622999,0.024939924028979994,0.022952212347625997,0.020557437887730002,0.017552433617582,0.014108599159750001,0.010486649847349998,0.007242193182459996,0.004947011929210001,0.0035541475947900012,0.002776476138859999,0.0023361813540799985,0.3012340272,0.23505659229000003,0.209256156049,0.20387588903799997,0.211402121057,0.22559252552,0.24213826785010004,0.25890247738419997,0.27512484747197,0.29089067785699,0.306065851423364,0.320151323154034,0.332562174465652,0.34269435783870206,0.3501242605919519,0.35507579698569186,0.358335571435482,0.3606708000408919,0.362562313928632,0.3642606518959519
MOD,low,4,0.0,13,16,1,,0.07371827291,0.04376904326000001,0.031135066772,0.027699928037000002,0.028436279489599994,0.0323097044316,0.0377033099977,0.043082324880160006,0.04417635686043002,0.040887549014669,0.035156627792779,0.028310763283037003,0.020616132189462996,0.013630568885221003,0.008691412603681998,0.005757566679329997,0.004058722949791007,0.003087913783883997,0.0025368725930519985,0.3012340272,0.23505659229000003,0.20557732903,0.193232540658,0.192985076421,0.20277666373140002,0.22182420069980002,0.2489421513021,0.28108545722194,0.3129618576815101,0.340723472486841,0.36394783769406197,0.382153905831025,0.394459374541562,0.401646380596341,0.40556240213265893,0.40769568063332895,0.408933154263538,0.409741886439654,0.410349022085942
LEL,low,6,0.0,13,17,1,,0.07371827291,0.036989579030000004,0.03086972673,0.03458120542,0.03756184646999999,0.038932250994,0.040384270033,0.04162374378599999,0.042249861075000006,0.042076753717900005,0.038454413235400005,0.0313008775588,0.0231011329858,0.015996466205900003,0.010671996432399999,0.00714750751333,0.005106178818719995,0.004034379193950001,0.003519701987970003,0.3012340272,0.23505659229000003,0.20765934646,0.19771666065,0.19965338146999995,0.20993399274000002,0.226178518266,0.24826481737299996,0.27628672118700004,0.30857322611200005,0.34123766399409994,0.36901770961869995,0.3884400308799,0.3998167771540999,0.40546825026820005,0.40779328333580006,0.40843897196447004,0.40826537179174993,0.40764827501780004,0.40672678737782997
KIN,low,0,0.0,11,11,1,,0.07371827291,0.04418665883,0.03681839453999999,0.032424237300000006,0.027941295869999997,0.023163194137,0.018799024222,0.015132360366000002,0.012101216210000001,0.009756215988999999,0.007901670061,0.006358587471999999,0.005059880778999997,0.003969420855000002,0.003110241446200001,0.0024572394043999982,0.0019892215826000006,0.0016419356926000005,0.0013760735152999986,0.3012340272,0.23505659229000003,0.20067109945999997,0.17486885292000004,0.1527417414,0.13376243251,0.11810306645299999,0.10598286103099999,0.097310003665,0.09149423325500003,0.08771446608599998,0.08523856286499999,0.08354713213299998,0.08232371749400003,0.081396761839,0.08067919787280001,0.0801253305484,0.0797070431858,0.0794030498132,0.0791949792179
LIN,low,0,0.0,11,14,1,,0.07371827291,0.04397150966,0.038387217060000006,0.03484568379,0.030151881650000004,0.025348804966,0.020953314377,0.017090802647,0.014555416137899999,0.012894675716500001,0.011650359356399997,0.0102315118735,0.008404170351899998,0.006398036225300001,0.004627550619600001,0.003287738227500002,0.0023742616522999986,0.00178188451804,0.001403943155220001,0.3012340272,0.23505659229000003,0.20076342463,0.17276576556999998,0.14813216118,0.12769185853,0.112133554164,0.101381279387,0.09448028634,0.0902969836021,0.08786954348559999,0.08640581952920001,0.0853302844557,0.0844135995438,0.0837099238585,0.0832966472389,0.08315050299139999,0.08319961865909997,0.08338033336106002,0.08364984616384
PAN,low,0,0.0,11,15,1,,0.07371827291,0.044744435660000005,0.033370474055,0.028779179266,0.027325322373399998,0.025640963500890006,0.023008328596829997,0.019814794101707,0.017582479107064,0.015943101323517003,0.014320793168729999,0.012492291229819999,0.010359030107304,0.008123542852389,0.006082781344906999,0.004471401793813001,0.0032685118644169985,0.0023985386200189997,0.0017936615578160004,0.3012340272,0.23505659229000003,0.20272792263,0.18586477317499997,0.17725369554899997,0.17275114901560001,0.17009051447471,0.16765408967788,0.164260688976173,0.159479769269109,0.153536975145592,0.14700991117686202,0.140592901947042,0.13487990003973802,0.13019686498734898,0.12657958098244199,0.12387948246862898,0.121889335424212,0.12041893182419301,0.11932039682637699
BIL,low,3,0.0,12,15,1,,0.07371827291,0.04766010693,0.036388425387,0.030220329648000005,0.028264074412399996,0.028142149946599995,0.0281428108954,0.0273455517636,0.025356580619699996,0.022382879467999994,0.01872919715712,0.014892970990529997,0.011361700247500002,0.008352410790450002,0.005978236034249998,0.004263908989,0.0030722273041799996,0.002258470140314,0.0017032965350510037,0.3012340272,0.23505659229000003,0.21112682376,0.20822287317300003,0.21392027832500002,0.2235895603126,0.23528025596600002,0.2476064590706,0.25936314610700006,0.2698498073873001,0.2787847098793,0.28584031458218,0.2909533721716499,0.29444260374815,0.29671904681370004,0.29814634057945,0.29902015628645,0.29955585928827,0.299892022431956,0.300110450852905
DUT,high,4,0.0,13,16,1,,0.07371827291,0.04250373461699999,0.037087504001,0.034868402214000005,0.035039095218,0.036305445192,0.038624500706800007,0.0387548521044,0.0363231484722,0.03320187905841001,0.029942083211851003,0.025379181125293,0.019270476760173003,0.012991935216892996,0.008131959335976996,0.005081092225232002,0.0033513531928319996,0.0024055042556359986,0.0018395413983310074,0.3012340272,0.23505659229000003,0.20790948167299997,0.201235571672,0.20962445565800003,0.22902994633999996,0.25579349224799997,0.2866625303812,0.3180786403168,0.3477294941645999,0.3756494209261899,0.401478719134339,0.423373547171046,0.4394240434608731,0.4493444514279799,0.454614144898003,0.45708537159277113,0.45805987438013895,0.45826222203450295,0.45806124862557207
TAP,high,5,0.0,12,16,1,,0.07371827291,0.03520987841999999,0.029217401183,0.039316727313,0.049877707748,0.054020290113999996,0.050004676857700006,0.042664606555200005,0.03556118750263001,0.02953476053698999,0.024548760806949996,0.019900551492951002,0.015313585651434005,0.011030744912188995,0.007578816308984008,0.005156732241635995,0.003692021004694003,0.0028722581271249997,0.0024502060511170016,0.3012340272,0.23505659229000003,0.20952428987000002,0.211750055487,0.23579148921999998,0.27635054923200003,0.32394030683799996,0.3676184474602999,0.40289921210509994,0.43038528580247004,0.4523515010114799,0.47067802503252987,0.48583218391957905,0.49757693668814496,0.505945509875956,0.5115456905469721,0.515223011325336,0.5177060324966419,0.519507072703517,0.5209603211304
SAP,low,1,0.0,10,14,1,,0.07371827291,0.035786380269999994,0.028914346425999996,0.0291820879817,0.029162925439360003,0.029404753978310005,0.028304827302813997,0.025766997385063998,0.022324991711900007,0.018249508405549997,0.01437129990851,0.0110408386756,0.008298648494880004,0.006167701816829999,0.00458970089513,0.003440888186378,0.002629700368546002,0.0020669309244709996,0.0016664481821809976,0.3012340272,0.23505659229000003,0.20782166402,0.19971237023399996,0.19796453067229997,0.19762793287294003,0.19661405311463004,0.19397118225181603,0.189631205786752,0.18429017433485204,0.17886975542930197,0.173983072720792,0.16988044352519205,0.16661072801031204,0.164118560793482,0.16228348777235202,0.160957691853974,0.160001714391428,0.159303142068957,0.15877923398277602
TOS,high,1,0.0,12,14,1,,0.07371827291,0.043970439508999995,0.037377894348,0.0322470209211,0.028204352562970002,0.024780909579399997,0.022029096519337,0.019350681059293,0.017323942456462,0.015223379277207,0.013198287835121997,0.011193696600948998,0.009071146099745998,0.006900060609420001,0.004998686743574002,0.003537962751131999,0.0025217962164910002,0.0018497658790799995,0.001418369673714,0.3012340272,0.23505659229000003,0.20502710278100003,0.18898249743300002,0.1800198169119,0.17462032394892998,0.17128333956953,0.169331726250193,0.1684426871909,0.16838391073443798,0.168731514457231,0.168920335822109,0.16857781982116,0.16774001706581398,0.16673222265043403,0.165847197060288,0.16517690936211998,0.164685015120031,0.164312559905753,0.164016747169019
PUD,low,5,0.0,13,16,1,,0.07371827291,0.044232513550000005,0.03136387081400001,0.029487879228000006,0.033619407774,0.036960564675900004,0.03519183559351,0.03143465492996,0.029636150987253997,0.028253429459049004,0.026130338146151,0.022659808064398,0.017903656023821,0.012974617682494003,0.008959254956564999,0.006117816452125994,0.004350968390014001,0.003332474160280001,0.002698315275252002,0.3012340272,0.23505659229000003,0.20366596074000004,0.195957467526,0.204586894318,0.22347354872399997,0.24754796104809998,0.27093735845459,0.29082427312463,0.308934122537376,0.326439422678327,0.342634701932176,0.3559342778677779,0.365389474043957,0.3714701916814629,0.37528851674489805,0.377813641212772,0.379663887422758,0.381173501162478,0.38250928886722607
TUK,high,1,0.0,11,14,1,,0.07371827291,0.049199182483000016,0.037239428415,0.028336899376,0.022618520149,0.0198182007696,0.018959655307300004,0.018741503667,0.0182303940598,0.016898911310800003,0.0145417626896,0.011692883208279997,0.008949567738780001,0.0066901277020499994,0.004995377896879998,0.0038669180611900023,0.0031414081125,0.0026969566532899984,0.0024223693076700016,0.3012340272,0.23505659229000003,0.199277621807,0.17759403479199995,0.16588460121600002,0.161158969427,0.16136142513739998,0.16513394122009997,0.1713560703591,0.1788358893853,0.18622526421250002,0.1923551552629,0.19670853201142002,0.19943160821804004,0.20097143930899,0.20178933510671004,0.20224835660492005,0.20259605737041997,0.20298524424913,0.20350271819946003
BIS,high,6,0.0,13,16,1,,0.07371827291,0.040480596592,0.038925917786,0.0473815049934,0.05456594109138001,0.057581579324680006,0.053697193573373,0.045986854637492997,0.038596269799343004,0.03162181559537,0.024982948269016002,0.019177508146540997,0.01433687385083,0.010278981625989003,0.007165360689810996,0.004974478576517999,0.003577012018007003,0.0026974725778700047,0.002131024265482998,0.3012340272,0.23505659229000003,0.218113085698,0.23380260671199998,0.2692215043186,0.31640708262722,0.36870352870254,0.4185217931491669,0.46182158179167393,0.4980709035323311,0.526312778136961,0.546544264467945,0.560034439321404,0.568359735470574,0.572999090644585,0.575275580754774,0.5762398867782559,0.5765394353602489,0.5764975879823789,0.576264150516896
RUS,low,5,0.0,13,16,1,,0.07371827291,0.039521999274000005,0.037139678312,0.0403761735921,0.041539376334139996,0.04014276187344001,0.036737591928337004,0.032495874968523,0.028704982733148005,0.025718571071219998,0.022869861151144,0.019434131638007997,0.015349344832005,0.011205918971615,0.007801875338172001,0.005483103016793997,0.0040955833787520044,0.003400041693457998,0.003070245775999999,0.3012340272,0.23505659229000003,0.21122949101599997,0.217219810904,0.23654164283189996,0.26235080755776,0.29025425748432,0.316715705555983,0.3396938865874601,0.358268468854312,0.372504219783092,0.382830505231948,0.38958452799393994,0.39330312216193497,0.39477610699032,0.3947914469521479,0.39397285629535395,0.39271746479660197,0.39122587402314396,0.38957918528714397
MED,high,0,0.0,12,10,1,,0.07371827291,0.05410053529999999,0.044461701699999995,0.034610079304,0.02615638317100001,0.020236170818999994,0.015758342699999997,0.012409934292999998,0.009880157818899999,0.007960945137800003,0.0064587502809999985,0.005227390267599997,0.004150676708900003,0.003214804235169998,0.002444674475650002,0.0018484620328999971,0.0014072480843000015,0.00108536163253,0.0008497343897199991,0.3012340272,0.23505659229000003,0.19327964099000003,0.16427931989,0.145591174174,0.133564128603,0.12544962738399998,0.119625394104,0.115141759351,0.1115804899521,0.1088077516943,0.10673487325329999,0.1052172346257,0.1040694029168,0.10313636152163,0.10233825598598,0.10165186855308,0.10107173788878,0.10059023505624999,0.10019520986653
ROD,high,0,0.0,10,13,1,,0.07371827291,0.044625404060000005,0.03999212745200001,0.036357386834,0.031563179647299995,0.026771764542300003,0.021968641541699994,0.0185806369138,0.01592677484189,0.013453504930029996,0.011024809209920002,0.008722345290249999,0.006666135963160002,0.004986077116596998,0.0036886011986260003,0.002720510039658998,0.0020193583277260036,0.0015184487039729975,0.001162869297036,0.3012340272,0.23505659229000003,0.20112628222999998,0.17711026617800005,0.161725684744,0.1531057440967,0.1483060425544,0.14512915861269998,0.1419767796989,0.13806993685701,0.13362713192698,0.12925803271706002,0.12544123802681,0.12237711706365001,0.12004953594705298,0.11833621364442701,0.11709113684076801,0.11618570211904201,0.11552096023106902,0.115025816758033
PEP,low,5,0.0,14,15,1,,0.07371827291,0.044199812128000004,0.03583520617,0.032903461886,0.0317425235283,0.031455086884959994,0.030863983742680005,0.030071161992088,0.028344993672293997,0.025400267637736,0.021457354369649996,0.017151915762519,0.013023474719406998,0.009390718945035,0.0065141959138189974,0.0045639375183719995,0.003356592309901999,0.0026359660719870036,0.0022261014002229952,0.3012340272,0.23505659229000003,0.20849464616199997,0.20547109879200004,0.21621802310600002,0.2344806051777,0.25663224090674,0.28073516820806005,0.305010194553972,0.3274274019056781,0.3465005224039419,0.36177094099029206,0.3735079285677729,0.38199522598836594,0.3874018028433311,0.39022577292951205,0.39131219761114006,0.39141044230123795,0.3909777018292511,0.39025311522902795
DAT,high,7,0.0,14,17,1,,0.07371827291,0.037051032170000005,0.029577406770000002,0.031893403099999995,0.0402857133,0.05014070029999999,0.059269270282000006,0.06686736136400001,0.0749901185401,0.0760982483992,0.0663813166168,0.051544593148550005,0.034920393057409994,0.021008144101699995,0.012067573084820003,0.007203518064655998,0.0047186926845110035,0.003582610262977998,0.0031808694882610017,0.3012340272,0.23505659229000003,0.20907007212000003,0.20057797723,0.20738636545000003,0.23024254943000003,0.26864788787,0.320057023388,0.381474224824,0.45155950588390004,0.5214601098847,0.5803782064479001,0.62443610679935,0.65265597800194,0.66785857754024,0.67499745041542,0.6779162769107638,0.678688670244253,0.6782781301292752,0.677098935373014
DAM,high,6,0.0,13,16,1,,0.07371827291,0.03578250525,0.03093658274,0.03907021164,0.05369852431999999,0.062165387180000004,0.06203454523200001,0.058794978021,0.0530690732237,0.04505909682450002,0.0367523206685,0.028131929015150003,0.01978262992722,0.012812024150749996,0.007962151720099998,0.005129059839480007,0.003550301338940001,0.0026253297566099965,0.0020648960253730007,0.3012340272,0.23505659229000003,0.21308132504000002,0.21207511508000004,0.23234062096,0.27345642574,0.3263264126,0.381787986208,0.4353449288870001,0.48311988716330007,0.5220384303787999,0.5512841698502999,0.57148794943515,0.58427922170793,0.5915539725571801,0.59529503903708,0.5971569921976,0.5980953486446599,0.5985633219720501,0.5987671273286771
LUD,low,6,0.0,13,16,1,,0.07371827291,0.03828538136000001,0.029092296800000007,0.032450937929,0.038756012853,0.04257085093499999,0.042238954803999994,0.0397769570559,0.03661461322797,0.033078072058779995,0.029084700611505,0.024160967621218,0.018692187857904993,0.013588793689341003,0.009536948140703001,0.006690217830708,0.004850341705802994,0.003655577736593002,0.00286380109305,0.3012340272,0.23505659229000003,0.20869013893,0.20620146013000004,0.21885383414100001,0.24361752064799996,0.276064435411,0.31044600981500003,0.34302662873710005,0.37140647082713,0.39330034361035004,0.4077161368988449,0.41573433433762697,0.41956321777972205,0.4212028197903811,0.421889277609678,0.42223614982297003,0.422501362669167,0.42277255522857393,0.4230677081575239
BOS,low,4,0.0,13,15,1,,0.07371827291,0.04136061398799999,0.035860829672,0.034001509579600006,0.03275040005048999,0.031529816164240006,0.03066073652394,0.028956928952488994,0.027039484219559,0.024169968325789996,0.020566203020517995,0.016767465922608,0.013106937664302003,0.009771640721204997,0.006944193375097001,0.004862156536432,0.0035045294271420003,0.002659246553034,0.0021319633993859975,0.3012340272,0.23505659229000003,0.213092194502,0.20986460882999997,0.21595991965040004,0.22822115459991005,0.24432058803567,0.26242554911173,0.280965919559241,0.29840559593968197,0.313587167093892,0.32605788320977397,0.335955494421446,0.343556806049784,0.349030595234179,0.35266965707296194,0.35500594942432395,0.35656812958625195,0.35770892592619596,0.35861992891479394
MEP,low,2,0.0,13,15,1,,0.07371827291,0.05096454053800001,0.040983563276000015,0.032052756172299995,0.0255007512195,0.021199247190880004,0.019175120829359998,0.01841059597947,0.017660839305409997,0.016770699569560003,0.015859293540639998,0.014597549505649999,0.012546441264700002,0.009789559679897,0.006965931624315,0.004782630279058996,0.003349108963743001,0.002453482170297003,0.0018812296318009938,0.3012340272,0.23505659229000003,0.19583972375200007,0.17135593027600002,0.1591409299037,0.1556300340842,0.15758448772331998,0.16313959333996,0.17117627579049002,0.18052286930908001,0.19026241664952,0.20014451590488,0.20986429463723003,0.21856991325253003,0.22532966951263297,0.22989137738831797,0.23273262974925898,0.234499768485516,0.23565346734721898,0.23645652689941798
LUL,high,4,0.0,12,15,1,,0.07371827291,0.042185345250000006,0.026579113294000006,0.0287961328,0.03662969935890001,0.04388302336259999,0.046827605660499996,0.04299475785368001,0.035174481130559994,0.02737914433324,0.020896119075978003,0.015694936093572004,0.011576402467434,0.008378997094916999,0.005992107511097,0.004242123097503998,0.003031696272399001,0.0022421850719680004,0.0017170801926170026,0.3012340272,0.23505659229000003,0.20312467844,0.19159352054599998,0.198345799546,0.21966195378710002,0.2518825078245,0.28930689176399993,0.32452702391031996,0.35252687557976,0.3721606916465199,0.3845452769705421,0.39167645587697003,0.3955183318095361,0.397483219114619,0.39842592600352206,0.3988346075060181,0.398978371233619,0.398997102761651,0.39895932616903385
KID,high,3,0.0,13,16,1,,0.07371827291,0.041199829980000005,0.029212581499999998,0.027045992803999996,0.029972175184999995,0.032392763559,0.032682634632999995,0.031789241992499995,0.031373581912500004,0.030259977030700002,0.028275910485700006,0.024684473468200005,0.0197870190759,0.01451010956615,0.00998360778448,0.0067270423857199975,0.0046092423976700015,0.003309362662589998,0.002537834188910002,0.3012340272,0.23505659229000003,0.20548753231000003,0.19375775761,0.195449442606,0.20752814962099994,0.22668687826199999,0.24934659952899998,0.2734174511965,0.297662731078,0.3204583024413,0.3401732193315999,0.3557537338614,0.3668271092391,0.37385316304235,0.37795986526006997,0.38033527272295,0.38181740264488,0.3828849023890899,0.3837862784613801
KOD,low,6,0.0,12,16,1,,0.07371827291,0.0317395988,0.032291346729999997,0.043260980590000005,0.050719529017,0.05127902853099999,0.0463112281274,0.0399372374525,0.03378432044462001,0.029401579237660003,0.025151302546679997,0.020006426141239996,0.015176144999023,0.011043156981538002,0.007813284784745996,0.005527007743647996,0.004014276630581006,0.003024364510139995,0.0023652135401430016,0.3012340272,0.23505659229000003,0.21252152349000003,0.2119922549,0.22975351776999997,0.26151321275300005,0.29923510586200003,0.33524384979460004,0.36599671198210004,0.39150228715747987,0.41218957247982,0.42740000737314,0.4366585620118999,0.4408256786128771,0.4418166253713391,0.441396397706593,0.440560211562945,0.43971469373236405,0.43898840922222404,0.43840440366208094
LIM,low,1,0.0,11,13,1,,0.07371827291,0.043121199209999996,0.03883083454,0.03554751553,0.031917494490000003,0.027701791568,0.023377947556999998,0.019048027239,0.015566865749000004,0.012788052522000002,0.0103605802753,0.008079153628999998,0.006115617906599997,0.0045832026701,0.0034312946845999996,0.0025890709195000015,0.0019995290221000014,0.0015957541856000004,0.0013118278661999989,0.3012340272,0.23505659229000003,0.20928724348,0.19147484954000002,0.17710351488999998,0.1664844107,0.159646396912,0.155743581495,0.15400130697599998,0.15383140532700001,0.154575810245,0.15549467314970003,0.1561086850327,0.1563794738781,0.15647382978399998,0.15653286667139998,0.1566230384259,0.1567625520418,0.1569482816562,0.15717017855
DAD,low,4,0.0,13,15,1,,0.07371827291,0.03995816435,0.029397544310000003,0.029919865699999996,0.034582684796999996,0.040050861306,0.04299900870310001,0.041127249350029996,0.03495570734372,0.027894886736275,0.021871713244137007,0.016907067038646,0.012709879725650004,0.009249098276599997,0.0065525380558830015,0.004672699663915999,0.0034001224623840015,0.002568815126099998,0.0020447557123889977,0.3012340272,0.23505659229000003,0.20519117994,0.19506639265000003,0.20084696257,0.21960454837300003,0.248220270127,0.2823517154239,0.31558671289387,0.34261255723015005,0.362481729073875,0.37674328856973793,0.386753899311092,0.393393791805442,0.39748702256884205,0.39987326501295906,0.401254574758243,0.402090325059059,0.402631417797959,0.40300339625417003
RIS,high,6,0.0,14,16,1,,0.07371827291,0.036108111150000004,0.030233205435999992,0.043451035830000005,0.0548854640588,0.059403384963100006,0.057357749378730005,0.05255215237728,0.04677419349717999,0.04042739002029999,0.033560233862049,0.026822079378034002,0.020750477083251995,0.014943919605404003,0.009536678129171998,0.005759603117915003,0.0036813927478809966,0.0025591017872740054,0.0019029279234529964,0.3012340272,0.23505659229000003,0.21089973713999996,0.213470178704,0.23927449067399997,0.2823414318152,0.33316499005210004,0.38373698767337006,0.43002407889609,0.47050068639891,0.5044338013786102,0.531895601516561,0.5533991408585269,0.569591261735275,0.580608648329871,0.5868542799006989,0.589876718382784,0.5912422498349029,0.591831838447629,0.5920484869781759
MOL,high,3,0.0,11,13,1,,0.07371827291,0.046748693665000014,0.038223509399999994,0.04000494615300001,0.0449309722014,0.04746299583249999,0.04345822654519999,0.0345845429962,0.025462376835999997,0.018528565075220004,0.013722297494309994,0.009910725292207,0.006864752037927999,0.0046540948164170036,0.0031795305909379963,0.0022394814861720013,0.0016405355613910047,0.0012561568059909945,0.0010014032407370014,0.3012340272,0.23505659229000003,0.208667906025,0.20716773822499998,0.22531884747199998,0.2574131418226,0.2964995094881,0.3336654525489,0.3622236710927,0.3808784977167,0.39194594692147994,0.39810695922977,0.401208531028363,0.4025628530238349,0.40309361080681805,0.40330815781148,0.40342607669190805,0.40352842536471706,0.40364053549512596,0.4037670879775889
KAT,high,3,0.0,13,17,1,,0.07371827291,0.043108085000000004,0.036899690699,0.032380682552999994,0.027892834645,0.024667651007,0.022815847741999996,0.022662951153,0.024229164734000004,0.026055245558699997,0.026802690239699997,0.025616363323000005,0.0218234893688,0.015904406844880002,0.010145981237469999,0.00625463222278,0.004099843903869998,0.0030288975354699978,0.0024958790026899996,0.3012340272,0.23505659229000003,0.20447645508999998,0.185311650191,0.17531012751799996,0.17414841443300005,0.17984617730599997,0.19022104330400003,0.20451428949099998,0.2225328878310001,0.2433181258463,0.2650153798026,0.2854589250176,0.30237486466679997,0.31403676472192005,0.32079722856445003,0.32441173569366993,0.32636593312179996,0.32747857806033,0.32814210397564
TEN,low,5,0.0,11,15,1,,0.07371827291,0.036138768185999995,0.028828107308000006,0.030096722302000004,0.033449689744000005,0.03620203675200001,0.0366653665472,0.035354923242099996,0.03259333265124,0.02852594913553,0.02327005642207,0.017595207750333,0.012572175257742998,0.008783824987494002,0.006150485727852998,0.004385607149474001,0.003247725964485998,0.0026105272699360033,0.0021898025372549994,0.3012340272,0.23505659229000003,0.20843240210399996,0.20219640259600002,0.20853507483399997,0.22375543079000004,0.244282464438,0.2666206505708,0.2876539921687,0.30495406551746,0.31716274458193,0.3241174371598599,0.326879486009527,0.327167997551784,0.32637411036429,0.3252286230364369,0.32402277844096294,0.32285021390047697,0.321732389366541,0.32066822359128594
ROL,low,5,0.0,14,17,1,,0.07371827291,0.04282257848,0.037241843841999994,0.03550901228700001,0.035240115819,0.035454994436999995,0.037135020814000004,0.03985479780499999,0.04137582418199999,0.0400598572158,0.035930925336399994,0.030710584171390005,0.024963101143039998,0.018205988338974,0.011614203512085,0.006947302353519004,0.004291370470569997,0.0028546133580300017,0.0020819274738199996,0.3012340272,0.23505659229000003,0.20674993980999998,0.19919719498799998,0.20751036724100003,0.22597911142199997,0.24997088092500003,0.277157576051,0.3069611745259999,0.33851325948399996,0.36923042326820005,0.3962604715818,0.41876517551841014,0.4366859855253701,0.44928880136639593,0.4566722575943111,0.460457016920792,0.462295537450222,0.46316015441219194,0.463527030658372
LUP,low,2,0.0,12,13,1,,0.07371827291,0.04048125910000001,0.030413623060999997,0.025445334307000005,0.023697574561999994,0.023293558566999998,0.021952322046999997,0.020103189599000003,0.017295749845,0.014567717589,0.012050698064,0.009951976662300004,0.008067761193099997,0.006392559799500002,0.004959789440999998,0.0038355515902000026,0.003012183936099999,0.002417305454599999,0.0019942308001999996,0.3012340272,0.23505659229000003,0.20282530518999997,0.18331953812899995,0.17306211822200002,0.17009794866000003,0.17144917656699998,0.17427441679599998,0.17722698999699996,0.180031034846,0.18255664015300002,0.184622287735,0.18611503905669996,0.18707160485759997,0.18765707492210004,0.18806569880510005,0.18843301859489997,0.1888222697708,0.18925264966620003,0.189724245076
RAL,low,5,0.0,14,16,1,,0.07371827291,0.039783797159999995,0.028625053864000004,0.031915652026,0.035915350058,0.039741531613,0.041114225659999996,0.040357039649,0.0371997440364,0.0340826078741,0.030144225440499998,0.025526783075319998,0.02030674065891001,0.01489454436888399,0.009987761898257003,0.006477809786462992,0.004439826864586008,0.003375235122649999,0.0027837942044960013,0.3012340272,0.23505659229000003,0.20982017053000004,0.20622786366600004,0.21623248884,0.23549668956199998,0.26110201474899997,0.289682399489,0.31729520924000004,0.34104829120360003,0.3601536645295,0.37525891342900003,0.38690036599368005,0.39529442429477,0.40077761894588604,0.40393631216762904,0.405690349581166,0.40682787611658006,0.40774631619393,0.408602997989434
NOT,high,5,0.0,13,16,1,,0.07371827291,0.033443577700000005,0.03988429715000001,0.046221951438,0.04764549913200001,0.044827143918999994,0.039406579183,0.033528732342500006,0.0298070357873,0.027647236809700004,0.025309349085749996,0.022352884599400002,0.018180290457650003,0.012818187089490002,0.008131814527949994,0.005109330192117003,0.003362643214069999,0.0023728341130299976,0.0017952724290950012,0.3012340272,0.23505659229000003,0.22637884378999998,0.24191118317999996,0.26953744884200004,0.30198921471,0.333414250711,0.360137499728,0.3822274873855001,0.40209647359820005,0.42102665958850005,0.43885347210275005,0.4548999289033499,0.4678255095457,0.4763547088762101,0.48104521828825997,0.4834108882961431,0.48455362444207295,0.48506058764904303,0.48522636839994804
RUN,low,0,0.0,12,14,1,,0.07371827291,0.05132165615999999,0.042359043640999995,0.034334088249,0.027504671766999996,0.021768765686499995,0.017851659859899997,0.0155742582866,0.014651225378800002,0.014222561132400004,0.0132467337632,0.011323477431199998,0.0087417711999,0.006214893034599999,0.004243809701969999,0.0029018466473400024,0.0020437133089600025,0.0014867927328399988,0.001118059994619999,0.3012340272,0.23505659229000003,0.19617767233,0.169703192289,0.15199642264000002,0.140624184873,0.1336827649865,0.12972440312660002,0.12749179664,0.1259199154612,0.12431979202879999,0.12249039652559998,0.12060067341440002,0.11891013598650002,0.11753721681189999,0.11645736771992997,0.11560677576659,0.11493033903563,0.11438643021679003,0.11394389965416998
BEL,low,1,0.0,12,12,1,,0.07371827291,0.057064350058000014,0.04555433776299999,0.031574501812,0.022670369616999995,0.01802477461,0.0156312339671,0.0142523413035,0.0129640352133,0.011351912020939998,0.009588946572069998,0.007913991833560001,0.00635277376519,0.004984408308860001,0.0038694534997799996,0.0030484493172100013,0.00252872580892,0.002237637223011999,0.002154715818532,0.3012340272,0.23505659229000003,0.19440059223199999,0.168639088469,0.154421321457,0.147321488304,0.14482320264600002,0.1454603692289,0.1481441489474,0.1519503765561,0.15605812301976,0.15987707237169,0.16311817293212996,0.16569240572694,0.16762222540207997,0.1690331893983,0.17012119689509,0.17107789433417,0.172046559373158,0.17311997324522596
TEK,high,7,0.0,14,17,1,,0.07371827291,0.04043510161,0.031228013489999994,0.03237844367,0.03572720856,0.041119070042,0.050552457885000006,0.06093817483700001,0.0638015199741,0.06034475078970001,0.0528271577679,0.04292257090130001,0.03262691933078,0.02227586474363,0.013677290523430006,0.00812711840328599,0.005098331582632006,0.0034401423718189977,0.0025168181750429984,0.3012340272,0.23505659229000003,0.20535168668000003,0.19505604656999992,0.19787166173999998,0.21149496038,0.236787065278,0.276596536273,0.32980179043599994,0.3872928507619,0.44111648809219994,0.48740765884430004,0.523702090943,0.5494530200122199,0.5657113588685899,0.57456355634516,0.578878439341874,0.580841362505242,0.581612750123423,0.5817482136343801
MOT,high,1,0.0,13,15,1,,0.07371827291,0.04749459322799998,0.037936794785000005,0.030096078322999997,0.024924916835000005,0.022114506495000002,0.020836222903000003,0.020199848387699997,0.019252603601300003,0.017630578983399998,0.015434726245800001,0.012806337459500003,0.010053294372599997,0.0075507398286,0.005584168995300001,0.0042452139794,0.0034021624870000018,0.0029040913114999995,0.0026179640055999987,0.3012340272,0.23505659229000003,0.20902475566200004,0.19562435707700004,0.187508898554,0.18268938677899998,0.18029185912400003,0.17960154652100005,0.1801714454453,0.1819048317766,0.18453538809,0.18750128567819999,0.1901907867747,0.1922002375121,0.1934679545815,0.19421019927019997,0.19475441576879998,0.1953535159058,0.19613288954829994,0.1971331447367
DIL,low,0,0.0,11,14,1,,0.07371827291,0.04381438278,0.03623037593000001,0.03339366479,0.031844103506000004,0.028867163263,0.024916972378,0.021558938321099997,0.018623979179300004,0.01599727574872,0.01348041481236,0.010932383158590003,0.008502302937119996,0.0064509040466300014,0.004858807235393,0.003669309390493999,0.0028020729716079994,0.0021748657583160027,0.0017180412271740003,0.3012340272,0.23505659229000003,0.20231967951,0.18349140806,0.17371564498999997,0.169457326004,0.167669726821,0.16632658444300003,0.1646716247219,0.1628548375426,0.16104424639388001,0.15916765178152,0.15713465100293003,0.15501932374580998,0.15301907927918001,0.15129654544378698,0.149912683413293,0.148852053581685,0.14806498296336904,0.14749532251219502
MUT,low,2,0.0,11,14,1,,0.07371827291,0.050331292955999994,0.038666012491999996,0.0319638123294,0.0293342879045,0.026766658905200007,0.02311999233699999,0.019550025280210003,0.01684721049737,0.014621773914802003,0.012448319826561995,0.010265906162814002,0.008163129072129998,0.006332058853120001,0.004846909241810002,0.003684294269270994,0.002851862155040004,0.0022694144543269983,0.0018666016329720017,0.3012340272,0.23505659229000003,0.208909167334,0.20263138244199996,0.20443899811260002,0.20930254034809997,0.2149359723629,0.2199492425519,0.22363010515769002,0.22578900567231996,0.226452973757518,0.225735516710956,0.224024497148142,0.221952979696012,0.22003931786289205,0.21851865464508197,0.21741626765181102,0.21666695223277102,0.216189421156444,0.215914337125472
TEM,high,5,0.0,13,16,1,,0.07371827291,0.03919911031300001,0.029354102817999994,0.032097000595,0.039970925519,0.04815071060500001,0.05162823349,0.04893689134760001,0.0422742895957,0.033859589081859987,0.02636301613493,0.02084695930129,0.016090574173286,0.011478355029893004,0.007696179626579995,0.005135803148468002,0.003611283382765001,0.0027425360363269972,0.0022523072283930014,0.3012340272,0.23505659229000003,0.211780977977,0.20949355385900006,0.22272715330400003,0.250032910845,0.28922075798600005,0.33445157922800006,0.37747656108040006,0.4117581678246999,0.43442080658283994,0.44604471844791005,0.44975404854662004,0.448801505261334,0.445558591377441,0.441990386190461,0.43900597505379296,0.43664479135502804,0.434711541657101,0.433035416579308
KIR,low,6,0.0,13,16,1,,0.07371827291,0.04055946691,0.036112981408000004,0.037486043264,0.035670168517,0.0332592495453,0.0320794025312,0.030918678749300002,0.028685515580599997,0.02593940419729,0.02271234813229,0.018999506719489995,0.01503077599332001,0.011068920266986002,0.007683519489718998,0.005279741317214002,0.003722480380889,0.0027774078599419982,0.0021842576074690002,0.3012340272,0.23505659229000003,0.21505489137999997,0.219017874912,0.236293516028,0.25775913771100006,0.2812271403657,0.3061867086345,0.3310117774852,0.3537963575046,0.37290841430731,0.3872491345750199,0.39669427965553006,0.40221073006221,0.4051677229952241,0.406702525305505,0.40751254878829096,0.40793456180740206,0.40811247714746,0.40810908913999117
LIT,high,1,0.0,11,13,1,,0.07371827291,0.046701892040000005,0.04226763828999999,0.03571020203,0.028743066376000003,0.023409463415000005,0.019938977621,0.017289480543000006,0.014929158599000004,0.012657136361199996,0.0108769040991,0.009040353562500002,0.007245667385400001,0.00565697275477,0.004389008069429998,0.0034861342478000002,0.0028892657047400044,0.0025338768986899983,0.0023452924954899994,0.3012340272,0.23505659229000003,0.20273936425,0.17928928151999998,0.16387230271000003,0.15651613053400001,0.155289173319,0.157850190278,0.162203770295,0.16700045271599998,0.17150233184480002,0.17538034610370004,0.1785454415212,0.1810635429284,0.18309119043663002,0.18480450195220002,0.18635344876439996,0.18784990378365996,0.18937191160297,0.19097139468948002
